Code,dem_prob,gop_prob,avg_dem,avg_gop,State,District,DCand,RCand,Incumbent,holder,PVI,OCand,dFund,rFund,total,2023 PVI,Dist,SamePartyRunOff,Uncontested,d % raised,est. vote,Unnamed: 18,fundraising_est,demo_margin
WY-1,0.0001,0.9999,42.37717063562053,57.62282936437947,WY,1,Kyle Cameron,Harriet Hageman,R,R,-25,,,,0,-25,WY@@435,,,,,,,
WI-8,0.3543,0.6457,42.37717063562053,57.62282936437947,WI,8,Kristin Lyerly,Tony Wied,N,R,-10,,1012739,188067.28,1200806.28,-10,WI-08@@434,,,0.84,0.68,0.32,35.76,(8.353161988304018+0j)
WI-7,0.0368,0.9632,42.37717063562053,57.62282936437947,WI,7,Kyle Kilbourn,Tom Tiffany,R,R,-12,,,,0,-12,WI-07@@433,,,,,,,(8.353161988304018+0j)
WI-6,0.0478,0.9522,42.37717063562053,57.62282936437947,WI,6,John Zarbano,Glenn Grothman,R,R,-10,,,,0,-10,WI-06@@432,,,,,,,
WI-5,0.0103,0.9897,42.37717063562053,57.62282936437947,WI,5,Ben Steinhoff,Scott Fitzgerald,R,R,-14,,,,0,-14,WI-05@@431,,,,,,,(-22.099999999999998+0j)
WI-4,0.9996,0.0004,42.37717063562053,57.62282936437947,WI,4,Gwen Moore,Tim Rogers,D,D,25,,,,0,25,WI-04@@430,,,,,,,
WI-3,0.467,0.533,42.37717063562053,57.62282936437947,WI,3,Rebecca Cooke,Derrick Van Orden,R,R,-4,,1942183.79,3073724.29,5015908.08,-4,WI-03@@429,,,0.39,0.44,0.56,-12.14,(-2.5941149045198904+0j)
WI-2,0.9972,0.0028,42.37717063562053,57.62282936437947,WI,2,Mark Pocan,Eric Olsen,D,D,19,,,,0,19,WI-02@@428,,,,,,,
WI-1,0.0878,0.9122,42.37717063562053,57.62282936437947,WI,1,Peter Barca,Bryan Steil,R,R,-3,,138921.91,1738223.51,1877145.42,-3,WI-01@@427,,,0.07,0.27,0.73,-45.03,
WV-2,0.0007,0.9993,42.37717063562053,57.62282936437947,WV,2,Riley Moore,Steven Wendelin,R,R,-22,,,,0,-22,WV-02@@426,,,,,,,(-16.065558939546555+0j)
WV-1,0.0004,0.9996,42.37717063562053,57.62282936437947,WV,1,Chris Reed,Carol Miller,R,R,-23,,,,0,-23,WV-01@@425,,,,,,,(0.7616803676211973+0j)
WA-10,0.886,0.114,42.37717063562053,57.62282936437947,WA,10,Marilyn Strickland,Don Hewett,D,D,7,,,,0,7,WA-10@@424,,,,,,,(9.583359781040008+0j)
WA-9,1.0,0.0,42.37717063562053,57.62282936437947,WA,9,Adam Smith,,D,D,21,Melissa Chaudry,,,0,21,WA-09@@423,D,,,,,,(21.5+0j)
WA-8,0.9008,0.0992,42.37717063562053,57.62282936437947,WA,8,Kim Schrier,Carmen Goers,D,D,1,,3569472.81,62138.05,3631610.86,1,WA-08@@422,,,0.98,0.75,0.25,50.4,(13.989122078802136+0j)
WA-7,1.0,0.0,42.37717063562053,57.62282936437947,WA,7,Pramila Jayapal,Dan Alexander,D,D,36,,,,0,36,WA-07@@421,,,,,,,(13.487489564000047+0j)
WA-6,0.9925,0.0075,42.37717063562053,57.62282936437947,WA,6,Emily Randall,Drew MacEwen,N,D,6,,878443.82,140683,1019126.82,6,WA-06@@420,,,0.86,0.69,0.31,37.71,(2.612049058243288+0j)
WA-5,0.0112,0.9888,42.37717063562053,57.62282936437947,WA,5,Carmela Conroy,Michael Baumgartner,N,R,-8,,,,0,-8,WA-05@@419,,,,,,,(6.330605094155448+0j)
WA-4,0.0,1.0,42.37717063562053,57.62282936437947,WA,4,,Dan Newhouse,R,R,-11,Jerrod Sessler,,,0,-11,WA-04@@418,R,,,,,,(-14.537953131536344+0j)
WA-3,0.456,0.544,42.37717063562053,57.62282936437947,WA,3,Marie Gluesenkamp Perez,Joe Kent,D,D,-5,,"$6,599,739","$2,840,619","$9,440,358",-5,WA-03@@417,,,0.70,0.60,0.40,20.61,(8.490978175889015+0j)
WA-2,0.9981,0.0019,42.37717063562053,57.62282936437947,WA,2,Rick Larsen,Cody Hart,D,D,9,,,,0,9,WA-02@@416,,,,,,,(7.337386959211929+0j)
WA-1,0.9994,0.0006,42.37717063562053,57.62282936437947,WA,1,Suzan Delbene,Jeb Brewer,D,D,13,,,,0,13,WA-01@@415,,,,,,,(39.80078186874296+0j)
VA-11,0.9966,0.0034,42.37717063562053,57.62282936437947,VA,11,Gerry Conolly,Mike Van Meter,D,D,18,,,,0,18,VA-11@@414,,,,,,,(19.999999999999993+0j)
VA-10,0.8556,0.1444,42.37717063562053,57.62282936437947,VA,10,Suhas Subramanyam,Mike Clancy,N,D,6,,,,0,6,VA-10@@413,,,,,,,(2.8544541085667503+0j)
VA-9,0.0007,0.9993,42.37717063562053,57.62282936437947,VA,9,Karen Baker,Morgan Griffith,R,R,-23,,,,0,-23,VA-09@@412,,,,,,,(6+0j)
VA-8,0.9997,0.0003,42.37717063562053,57.62282936437947,VA,8,Don Beyer,Jerry Torres,D,D,26,,,,0,26,VA-08@@411,,,,,,,(8.353161988304018+0j)
VA-7,0.7003,0.2997,42.37717063562053,57.62282936437947,VA,7,Eugene Vindman,Derrick Anderson,N,D,1,,7317625.92,824725.93,8142351.85,1,VA-07@@410,,,0.90,0.71,0.29,41.56,(1.8232691283447284+0j)
VA-6,0.0154,0.9846,42.37717063562053,57.62282936437947,VA,6,Ken Mitchell,Ben Cline,R,R,-14,,,,0,-14,VA-06@@409,,,,,,,(-7+0j)
VA-5,0.2647,0.7353,42.37717063562053,57.62282936437947,VA,5,Gloria Witt,John McGuire,N,R,-7,,,,0,-7,VA-05@@408,,,,,,,
VA-4,0.9876,0.0124,42.37717063562053,57.62282936437947,VA,4,Jennifer McClellan,Bill Moher,D,D,16,,,,0,16,VA-04@@407,,,,,,,(-11.048586850787094+0j)
VA-3,0.992,0.008,42.37717063562053,57.62282936437947,VA,3,Bobby Scott,John Sitka,D,D,17,,,,0,17,VA-03@@406,,,,,,,(3.9999999999999996+0j)
VA-2,0.372,0.628,42.37717063562053,57.62282936437947,VA,2,Missy Cotter Smasal,Jen Kiggans,R,R,-2,,1045014.48,2172085.14,3217099.62,-2,VA-02@@405,,,0.32,0.41,0.59,-18.69,
VA-1,0.125,0.875,42.37717063562053,57.62282936437947,VA,1,Rob Wittman,Leslie Mehta,R,R,-6,,,,0,-6,VA-01@@404,,,,,,,
VT-1,0.9896,0.0104,42.37717063562053,57.62282936437947,VT,1,Becca Balint,Mark Coester,D,D,16,,,,0,16,VT@@403,,,,,,,0j
UT-4,0.0074,0.9926,42.37717063562053,57.62282936437947,UT,4,Katrina Fallick-Wang,Burgess Owens,R,R,-16,,,,0,-16,UT-04@@402,,,,,,,(-6.182796688126654+0j)
UT-3,0.0599,0.9401,42.37717063562053,57.62282936437947,UT,3,Glenn Wright,Mike Kennedy,N,R,-13,,,,0,-13,UT-03@@401,,,,,,,(-22.100000000000005+0j)
UT-2,0.0359,0.9641,42.37717063562053,57.62282936437947,UT,2,Celeste Maloy,Nathaniel Woodward,R,R,-11,,,,0,-11,UT-02@@400,,,,,,,(-6.182796688126654+0j)
UT-1,0.0262,0.9738,42.37717063562053,57.62282936437947,UT,1,Bill Campbell,Blake Moore,R,R,-12,,,,0,-12,UT-01@@399,,,,,,,(-6.182796688126654+0j)
TX-38,0.0254,0.9746,42.37717063562053,57.62282936437947,TX,38,Melissa McDonough,Wesley Hunt,R,R,-12,,,,0,-12,TX-38@@398,,,,,,,
TX-37,0.9999,0.0001,42.37717063562053,57.62282936437947,TX,37,Lloyd Doggett,Jenny Garcia Sharon,D,D,24,,,,0,24,TX-37@@397,,,,,,,(7.029574439541259+0j)
TX-36,0.002,0.998,42.37717063562053,57.62282936437947,TX,36,Dayna Steele,Brian Babin,R,R,-18,,,,0,-18,TX-36@@396,,,,,,,
TX-35,0.9988,0.0012,42.37717063562053,57.62282936437947,TX,35,Greg Casar,Steven Wright,D,D,21,,,,0,21,TX-35@@395,,,,,,,
TX-34,0.93,0.07,42.37717063562053,57.62282936437947,TX,34,Vicente Gonzales,Maryla Flores,D,D,9,,,,0,9,TX-34@@394,,,,,,,(6.122279500001909+0j)
TX-33,0.9998,0.0002,42.37717063562053,57.62282936437947,TX,33,Marc Veasey,Patrick Gillespie,D,D,24,,,,0,24,TX-33@@393,,,,,,,(27+0j)
TX-32,0.9848,0.0152,42.37717063562053,57.62282936437947,TX,32,Julie Johnson,Darell Day,N,D,14,,,,0,14,TX-32@@392,,,,,,,
TX-31,0.011,0.989,42.37717063562053,57.62282936437947,TX,31,Stuart Whitlow,John Carter,R,R,-14,,,,0,-14,TX-31@@391,,,,,,,
TX-30,1.0,0.0,42.37717063562053,57.62282936437947,TX,30,Jasmine Crockett,NONE,D,D,27,Jmar Jefferson,,,0,27,TX-30@@390,,C,,,,,
TX-29,0.9948,0.0052,42.37717063562053,57.62282936437947,TX,29,Sylvia Garcia,Alan Garza,D,D,18,,,,0,18,TX-29@@389,,,,,,,(6.224147269163133+0j)
TX-28,0.8843,0.1157,42.37717063562053,57.62282936437947,TX,28,Henry Cuellar,Jay Furman,D,D,3,,1025319.61,67708.88,1093028.49,3,TX-28@@388,,,0.94,0.73,0.27,45.7,(6.11010655528127+0j)
TX-27,0.0185,0.9815,42.37717063562053,57.62282936437947,TX,27,Tanya Lloyd,Michael Cloud,R,R,-13,,,,0,-13,TX-27@@387,,,,,,,
TX-26,0.0797,0.9203,42.37717063562053,57.62282936437947,TX,26,Ernest Lineberger III,Brandon Gill,N,R,-13,,,,0,-13,TX-26@@386,,,,,,,
TX-25,0.0021,0.9979,42.37717063562053,57.62282936437947,TX,25,,Roger Williams,R,R,-19,,,,0,-19,TX-25@@385,,,,,,,
TX-24,0.0458,0.9542,42.37717063562053,57.62282936437947,TX,24,Sam Eppler,Beth Van Duyne,R,R,-10,,,,0,-10,TX-24@@384,,,,,,,
TX-23,0.1688,0.8312,42.37717063562053,57.62282936437947,TX,23,Santos Limon,Tony Gonzales,R,R,-5,,,,0,-5,TX-23@@383,,,,,,,(6.6652810961959235+0j)
TX-22,0.0362,0.9638,42.37717063562053,57.62282936437947,TX,22,Marquette Greene-Scott,Troy Nehls,R,R,-11,,,,0,-11,TX-22@@382,,,,,,,(-5.396985704794473+0j)
TX-21,0.0176,0.9824,42.37717063562053,57.62282936437947,TX,21,Kristin Hook,Chip Roy,R,R,-13,,,,0,-13,TX-21@@381,,,,,,,
TX-20,1.0,0.0,42.37717063562053,57.62282936437947,TX,20,Joaquin Castro,NONE,D,D,15,,,,0,15,TX-20@@380,,D,,,,,
TX-19,0.0,1.0,42.37717063562053,57.62282936437947,TX,19,NONE,Jodey Arrington,R,R,-26,,,,0,-26,TX-19@@379,,R,,,,,(5.46238676891416+0j)
TX-18,0.9995,0.0005,42.37717063562053,57.62282936437947,TX,18,Sylvester Turner,Lana Centonze,N,D,23,,,,0,23,TX-18@@378,,,,,,,
TX-17,0.0117,0.9883,42.37717063562053,57.62282936437947,TX,17,Mark Lorenzen,Pete Sessions,R,R,-14,,,,0,-14,TX-17@@377,,,,,,,
TX-16,0.9938,0.0062,42.37717063562053,57.62282936437947,TX,16,Veronica Escobar,Irene Armendariz-Jackson,D,D,17,,,,0,17,TX-16@@376,,,,,,,(6.224147269163134+0j)
TX-15,0.2133,0.7867,42.37717063562053,57.62282936437947,TX,15,Michelle Vallejo,Monica De La Cruz,R,R,-1,,1028637.09,3242521.01,4271158.1,-1,TX-15@@375,,,0.24,0.36,0.64,-27.51,(6.117479291010021+0j)
TX-14,0.0035,0.9965,42.37717063562053,57.62282936437947,TX,14,Rhonda Hart,Randy Weber,R,R,-17,,,,0,-17,TX-14@@374,,,,,,,
TX-13,0.0,1.0,42.37717063562053,57.62282936437947,TX,13,NONE,Ronny Jackson,R,R,-26,,,,0,-26,TX-13@@373,,R,,,,,(5.46238676891416+0j)
TX-12,0.0964,0.9036,42.37717063562053,57.62282936437947,TX,12,Trey Hunt,Craig Goldman,N,R,-12,,,,0,-12,TX-12@@372,,,,,,,
TX-11,0.0,1.0,42.37717063562053,57.62282936437947,TX,11,NONE,August Pfluger,R,R,-23,,,,0,-23,TX-11@@371,,R,,,,,
TX-10,0.0157,0.9843,42.37717063562053,57.62282936437947,TX,10,Theresa Boisseau,Michael McCaul,R,R,-13,,,,0,-13,TX-10@@370,,,,,,,
TX-9,1.0,0.0,42.37717063562053,57.62282936437947,TX,9,Al Green,NONE,D,D,26,,,,0,26,TX-09@@369,,D,,,,,
TX-8,0.0087,0.9913,42.37717063562053,57.62282936437947,TX,8,Laura Jones,Morgan Luttrell,R,R,-16,,,,0,-16,TX-08@@368,,,,,,,(2+0j)
TX-7,0.9798,0.0202,42.37717063562053,57.62282936437947,TX,7,Lizzie Fletcher,Caroline Kane,D,D,13,,,,0,13,TX-07@@367,,,,,,,
TX-6,0.0127,0.9873,42.37717063562053,57.62282936437947,TX,6,John Love III,Jake Ellzey,R,R,-15,,,,0,-15,TX-06@@366,,,,,,,(2+0j)
TX-5,0.0175,0.9825,42.37717063562053,57.62282936437947,TX,5,Ruth Torres,Lance Gooden,R,R,-14,,,,0,-14,TX-05@@365,,,,,,,(2+0j)
TX-4,0.0079,0.9921,42.37717063562053,57.62282936437947,TX,4,Simon Cardell,Pat Fallon,R,R,-16,,,,0,-16,TX-04@@364,,,,,,,
TX-3,0.0325,0.9675,42.37717063562053,57.62282936437947,TX,3,Sandeep Srivastava,Keith Self,R,R,-11,,,,0,-11,TX-03@@363,,,,,,,
TX-2,0.0079,0.9921,42.37717063562053,57.62282936437947,TX,2,Pete Filler,Dan Crenshaw,R,R,-15,,,,0,-15,TX-02@@362,,,,,,,
TX-1,0.0,1.0,42.37717063562053,57.62282936437947,TX,1,NONE,Nathaniel Moran,R,R,-26,,,,0,-26,TX-01@@361,,R,,,,,(10.087888693474577+0j)
TN-9,0.9988,0.0012,42.37717063562053,57.62282936437947,TN,9,Steve Cohen,Charlotte Bergmann,D,D,22,,,,0,22,TN-09@@360,,,,,,,(1+0j)
TN-8,0.0002,0.9998,42.37717063562053,57.62282936437947,TN,8,Sarah Freeman,David Kustoff,R,R,-21,,,,0,-21,TN-08@@359,,,,,,,
TN-7,0.0566,0.9434,42.37717063562053,57.62282936437947,TN,7,Megan Barry,Mark Green,R,R,-10,,,,0,-10,TN-07@@358,,,,,,,(5.367980472391293+0j)
TN-6,0.0079,0.9921,42.37717063562053,57.62282936437947,TN,6,Lore Bergman,John Rose,R,R,-17,,,,0,-17,TN-06@@357,,,,,,,(8.353161988304018+0j)
TN-5,0.0556,0.9444,42.37717063562053,57.62282936437947,TN,5,Maryam Abolfazli,Andy Ogles,R,R,-9,,,,0,-9,TN-05@@356,,,,,,,
TN-4,0.0006,0.9994,42.37717063562053,57.62282936437947,TN,4,Victoria Broderick,Scott DesJarlais,R,R,-22,,,,0,-22,TN-04@@355,,,,,,,(8.353161988304018+0j)
TN-3,0.0017,0.9983,42.37717063562053,57.62282936437947,TN,3,Jack Allen,Chuck Fleischman,R,R,-19,,,,0,-19,TN-03@@354,,,,,,,
TN-2,0.0026,0.9974,42.37717063562053,57.62282936437947,TN,2,Jane George,Tim Burchett,R,R,-18,,,,0,-18,TN-02@@353,,,,,,,
TN-1,0.0,1.0,42.37717063562053,57.62282936437947,TN,1,Kevin Jinkins,Diana Harshbarger,R,R,-30,,,,0,-30,TN-01@@352,,,,,,,(8.353161988304018+0j)
SD-1,0.0059,0.9941,42.37717063562053,57.62282936437947,SD,1,Sheryl Johnson,Dusty Johnson,R,R,-16,,,,0,-16,SD@@351,,,,,,,
SC-7,0.0351,0.9649,42.37717063562053,57.62282936437947,SC,7,Mal Hyman,Russell Fry,R,R,-11,,,,0,-11,SC-07@@350,,,,,,,(-9.400297102800353+0j)
SC-6,0.9825,0.0175,42.37717063562053,57.62282936437947,SC,6,Jim Clyburn,Duke Buckner,D,D,14,,,,0,14,SC-06@@349,,,,,,,(2.0362405757868918+0j)
SC-5,0.0268,0.9732,42.37717063562053,57.62282936437947,SC,5,Evangeline Hundley,Ralph Norman,R,R,-12,,,,0,-12,SC-05@@348,,,,,,,(-9.699343187976861+0j)
SC-4,0.0356,0.9644,42.37717063562053,57.62282936437947,SC,4,Kayhryn Harvey,William Timmons,R,R,-12,,,,0,-12,SC-04@@347,,,,,,,(7.799330687786105+0j)
SC-3,0.0063,0.9937,42.37717063562053,57.62282936437947,SC,3,Bryon Best,Sheri Biggs,N,R,-21,Michael Bedenbaugh,,,0,-21,SC-03@@346,,,,,,,(-6.930138827973281+0j)
SC-2,0.0965,0.9035,42.37717063562053,57.62282936437947,SC,2,David Robinson II,Joe Wilson,R,R,-8,,,,0,-8,SC-02@@345,,,,,,,(7.229287625636391+0j)
SC-1,0.0946,0.9054,42.37717063562053,57.62282936437947,SC,1,Michael Moore,Nancy Mace,R,R,-7,,,,0,-7,SC-01@@344,,,,,,,
RI-2,0.9053,0.0947,42.37717063562053,57.62282936437947,RI,2,Seth Magaziner,Steve Corvi,D,D,4,,1022404.57,9,1022413.57,4,RI-02@@343,,,1.00,0.76,0.24,52.2,(-8+0j)
RI-1,0.9639,0.0361,42.37717063562053,57.62282936437947,RI,1,Gabe Amo,Jeffery Lemire,D,D,12,,,,0,12,RI-01@@342,,,,,,,(-2.859405024513547+0j)
PA-17,0.4698,0.5302,42.37717063562053,57.62282936437947,PA,17,Chris Ddeluzio,Rob Mercuri,D,D,0,,"$2,084,519.38","$559,862.86","$2,644,382.24",EVEN,PA-17@@341,,,0.79,0.65,0.35,29.97,(-2.5941149045198904+0j)
PA-16,0.0189,0.9811,42.37717063562053,57.62282936437947,PA,16,Preston Nouri,Mike Kelly,R,R,-13,,,,0,-13,PA-16@@340,,,,,,,
PA-15,0.0011,0.9989,42.37717063562053,57.62282936437947,PA,15,Zacheray Womer,Glenn Thompson,R,R,-21,,,,0,-21,PA-15@@339,,,,,,,(8.353161988304018+0j)
PA-14,0.0039,0.9961,42.37717063562053,57.62282936437947,PA,14,Christopher Dziados,Guy Reschenthler,R,R,-18,,,,0,-18,PA-14@@338,,,,,,,
PA-13,0.0006,0.9994,42.37717063562053,57.62282936437947,PA,13,John Joyce,Beth Farnham,R,R,-25,,,,0,-25,PA-13@@337,,,,,,,(8.353161988304018+0j)
PA-12,0.8702,0.1298,42.37717063562053,57.62282936437947,PA,12,Summer Lee,James Hayes,D,D,8,,,,0,8,PA-12@@336,,,,,,,(-23.406776441670353+0j)
PA-11,0.0176,0.9824,42.37717063562053,57.62282936437947,PA,11,Jim Atkinson,Lloyd Smucker,R,R,-13,,,,0,-13,PA-11@@335,,,,,,,
PA-10,0.1476,0.8524,42.37717063562053,57.62282936437947,PA,10,Janelle Stelson,Scott Perry,R,R,-5,,1698246.2,2158112.08,3856358.28,-5,PA-10@@334,,,0.44,0.47,0.53,-6.56,(-2.5941149045198904+0j)
PA-9,0.0022,0.9978,42.37717063562053,57.62282936437947,PA,9,Amanda Waldman,Dan Meuser,R,R,-21,,,,0,-21,PA-09@@333,,,,,,,(8.353161988304018+0j)
PA-8,0.6059,0.3941,42.37717063562053,57.62282936437947,PA,8,Matt Cartwright,Rob Breshahan Jr.,D,D,-4,,3644326.87,651886.35,4296213.22,-4,PA-08@@332,,,0.85,0.68,0.32,36.27,(2.578770960034124+0j)
PA-7,0.7654,0.2346,42.37717063562053,57.62282936437947,PA,7,Susan Wild,Ryan Mackenzie,D,D,-2,,3507964.26,328767.56,3836731.82,-2,PA-07@@331,,,0.91,0.72,0.28,43.2,(19.999999999999993+0j)
PA-6,0.8068,0.1932,42.37717063562053,57.62282936437947,PA,6,Chrissy Houlahan,Neil Young Jr,D,D,5,,,,0,5,PA-06@@330,,,,,,,(-4.925835868561729+0j)
PA-5,0.9795,0.0205,42.37717063562053,57.62282936437947,PA,5,Mary Gay Scanlon,Alfeia DeVaughn-Goodwin,D,D,14,,,,0,14,PA-05@@329,,,,,,,(0.9070466157639205+0j)
PA-4,0.8701,0.1299,42.37717063562053,57.62282936437947,PA,4,Madeline Dean,David Winkley,D,D,7,,,,0,7,PA-04@@328,,,,,,,(-4.415505273396887+0j)
PA-3,1.0,0.0,42.37717063562053,57.62282936437947,PA,3,Dwight Evans,NONE,D,D,39,,,,0,39,PA-03@@327,,D,,,,,(2+0j)
PA-2,0.9987,0.0013,42.37717063562053,57.62282936437947,PA,2,Brendan Boyle,Haroon Bashir,D,D,20,,,,0,20,PA-02@@326,,,,,,,
PA-1,0.2828,0.7172,42.37717063562053,57.62282936437947,PA,1,Ashley Ehasz,Brian Fitzpatrick,R,R,0,,2003488.63,1938730.61,3942219.24,EVEN,PA-01@@325,,,0.51,0.50,0.50,0.56,(-7.465934761530318+0j)
OR-6,0.8517,0.1483,42.37717063562053,57.62282936437947,OR,6,Andrea Salinas,Mike Erickson,D,D,4,,2153431.82,284934.88,2438366.7,4,OR-06@@324,,,0.88,0.70,0.30,39.93,(15.193905510045722+0j)
OR-5,0.5575,0.4425,42.37717063562053,57.62282936437947,OR,5,Janelle Bynum,Lori Chavez DeRemer,R,R,2,,2042092.41,1739063.44,3781155.85,2,OR-05@@323,,,0.54,0.52,0.48,3.91,(9.528972275940346+0j)
OR-4,0.8306,0.1694,42.37717063562053,57.62282936437947,OR,4,Val Hoyle,Monique DeSpain,D,D,4,,777001.29,371703.97,1148705.26,4,OR-04@@322,,,0.68,0.59,0.41,18.22,(3.599027637621045+0j)
OR-3,0.9993,0.0007,42.37717063562053,57.62282936437947,OR,3,Maxine Dexter,Joanna Harbour,N,D,22,,,,0,22,OR-03@@321,,,,,,,(12.58434408900597+0j)
OR-2,0.0519,0.9481,42.37717063562053,57.62282936437947,OR,2,Cliff Bentz,Dan Ruby,D,D,-15,,,,0,-15,OR-02@@320,,,,,,,(-0.42535594687981493+0j)
OR-1,0.9964,0.0036,42.37717063562053,57.62282936437947,OR,1,Suzanne Bonamici,Bob Todd,D,D,18,,,,0,18,OR-01@@319,,,,,,,(11.505334192644277+0j)
OK-5,0.0368,0.9632,42.37717063562053,57.62282936437947,OK,5,Madison Horn,Stephanie Bice,R,R,-12,,,,0,-12,OK-05@@318,,,,,,,(7.623064175978585+0j)
OK-4,0.0022,0.9978,42.37717063562053,57.62282936437947,OK,4,Mary Brannon,Tom Cole,R,R,-19,,,,0,-19,OK-04@@317,,,,,,,(-4.713665018338982+0j)
OK-3,0.0006,0.9994,42.37717063562053,57.62282936437947,OK,3,,Frank Lucas,R,R,-24,,,,0,-24,OK-03@@316,,,,,,,(5.46238676891416+0j)
OK-2,0.0,1.0,42.37717063562053,57.62282936437947,OK,2,Brandon Wade,Josh Brecheen,R,R,-29,,,,0,-29,OK-02@@315,,,,,,,(-0.23005472798324128+0j)
OK-1,0.0151,0.9849,42.37717063562053,57.62282936437947,OK,1,Dennis Baker,Kevin Hern,R,R,-14,,,,0,-14,OK-01@@314,,,,,,,(-1.0619297799782315+0j)
OH-15,0.1364,0.8636,42.37717063562053,57.62282936437947,OH,15,Adam Miller,Mike Carey,R,R,-6,,,,0,-6,OH-15@@313,,,,,,,(1.206132028632051+0j)
OH-14,0.0763,0.9237,42.37717063562053,57.62282936437947,OH,14,Brian Kenderes,David Joyce,R,R,-9,,,,0,-9,OH-14@@312,,,,,,,(5+0j)
OH-13,0.7543,0.2457,42.37717063562053,57.62282936437947,OH,13,Emilia Sykes,Kevin Coughlin,D,D,-1,,4946130.24,420710.7,5366840.94,-1,OH-13@@311,,,0.92,0.72,0.28,43.97,(1.5114440585893312+0j)
OH-12,0.005,0.995,42.37717063562053,57.62282936437947,OH,12,Jerrad Christian,Troy Balderson,R,R,-18,,,,0,-18,OH-12@@310,,,,,,,(8.353161988304018+0j)
OH-11,1.0,0.0,42.37717063562053,57.62282936437947,OH,11,Shontel Brown,Alan Rapoport,D,D,28,,,,0,28,OH-11@@309,,,,,,,(4+0j)
OH-10,0.091,0.909,42.37717063562053,57.62282936437947,OH,10,Amy Cox,Mike Turner,R,R,-4,,74660.4,558759.9,633420.3,-4,OH-10@@308,,,0.12,0.30,0.70,-40.42,(2.50567382505759+0j)
OH-9,0.8627,0.1373,42.37717063562053,57.62282936437947,OH,9,Mary Kaptur,Derek Merrin,D,D,-3,,1599311.85,224033.12,1823344.97,-3,OH-09@@307,,,0.88,0.70,0.30,39.3,(-1+0j)
OH-8,0.0186,0.9814,42.37717063562053,57.62282936437947,OH,8,Vanessa Enoch,Warren Davidson,R,R,-14,,,,0,-14,OH-08@@306,,,,,,,(4.999999999999999+0j)
OH-7,0.1059,0.8941,42.37717063562053,57.62282936437947,OH,7,Matt Diemer,Max Miller,R,R,-7,Dennis Kucinich,,,0,-7,OH-07@@305,,,,,,,(-1.1133265048136785+0j)
OH-6,0.0107,0.9893,42.37717063562053,57.62282936437947,OH,6,Michael Kripchak,Michael Rulli,R,R,-16,,,,0,-16,OH-06@@304,,,,,,,(8.353161988304018+0j)
OH-5,0.0075,0.9925,42.37717063562053,57.62282936437947,OH,5,Keith Mundy,Bob Latta,R,R,-15,,,,0,-15,OH-05@@303,,,,,,,
OH-4,0.0008,0.9992,42.37717063562053,57.62282936437947,OH,4,Tamie Wilson,Jim Jordan,R,R,-20,,,,0,-20,OH-04@@302,,,,,,,
OH-3,0.9974,0.0026,42.37717063562053,57.62282936437947,OH,3,Joyce Beatty,Michael Young,D,D,20,,,,0,20,OH-03@@301,,,,,,,(-14.641355250456296+0j)
OH-2,0.0019,0.9981,42.37717063562053,57.62282936437947,OH,2,Samantha Meadows,Brad Wenstrup,N,R,-25,,,,0,-25,OH-02@@300,,,,,,,(8.353161988304018+0j)
OH-1,0.7639,0.2361,42.37717063562053,57.62282936437947,OH,1,Greg Landsman,Orlando Sonza,D,D,2,,199756.07,74769.43,274525.5,2,OH-01@@299,,,0.73,0.62,0.38,23.6,(-7.440459255015089+0j)
ND-1,0.0,1.0,42.37717063562053,57.62282936437947,ND,1,Trygve Hammer,Julie Fedorchak,N,R,-20,,,,0,-20,ND@@298,,,,,,,
NC-14,0.1156,0.8844,42.37717063562053,57.62282936437947,NC,14,Pam Genant,Tim Moore,N,D,-11,,,,0,6,NC-14@@297,,,,,,,(-16.769356742582794+0j)
NC-13,0.1158,0.8842,42.37717063562053,57.62282936437947,NC,13,Frank Pierce,Brad Knott,N,D,-11,,,,0,-2,NC-13@@296,,,,,,,
NC-12,0.9996,0.0004,42.37717063562053,57.62282936437947,NC,12,Alma Adams,Addul Ali,D,D,23,,,,0,13,NC-12@@295,,,,,,,
NC-11,0.0923,0.9077,42.37717063562053,57.62282936437947,NC,11,Caleb Rudow,Chuck Edwards,R,R,-8,,,,0,-8,NC-11@@294,,,,,,,(7.983482636723179+0j)
NC-10,0.1509,0.8491,42.37717063562053,57.62282936437947,NC,10,Ralph Scott Jr.,Pat Harrigan,N,R,-10,,,,0,-22,NC-10@@293,,,,,,,
NC-9,0.056,0.944,42.37717063562053,57.62282936437947,NC,9,Nigel Bristow,Richard Hudson,R,R,-9,,,,0,-6,NC-09@@292,,,,,,,(-16.443571573339227+0j)
NC-8,0.126,0.874,42.37717063562053,57.62282936437947,NC,8,Justin Dues,Dan Bishop,N,R,-11,,,,0,-20,NC-08@@291,,,,,,,(-2.5941149045198904+0j)
NC-7,0.0821,0.9179,42.37717063562053,57.62282936437947,NC,7,Marlando Pridgen,David Rouzer,R,R,-8,,,,0,-8,NC-07@@290,,,,,,,(2.0856277784061135+0j)
NC-6,0.0429,0.9571,42.37717063562053,57.62282936437947,NC,6,,Addison McDowell,R,R,-11,,,,0,4,NC-06@@289,,,,,,,(4.1958005627501676+0j)
NC-5,0.0557,0.9443,42.37717063562053,57.62282936437947,NC,5,Chuck Hubbard,Virginia Foxx,R,R,-10,,,,0,-13,NC-05@@288,,,,,,,(4.132723447454839+0j)
NC-4,0.9987,0.0013,42.37717063562053,57.62282936437947,NC,4,Valerie Foushee,Eric Blankenburg,D,D,21,,,,0,16,NC-04@@287,,,,,,,(11.999999999999998+0j)
NC-3,0.043,0.957,42.37717063562053,57.62282936437947,NC,3,,Greg Murphy,R,R,-11,,,,0,-15,NC-03@@286,,,,,,,(9.534731575031666+0j)
NC-2,0.9885,0.0115,42.37717063562053,57.62282936437947,NC,2,Deborah Ross,Alain Swain,D,D,15,,,,0,12,NC-02@@285,,,,,,,(10.476211703921692+0j)
NC-1,0.6649,0.3351,42.37717063562053,57.62282936437947,NC,1,Don Davis,Laurie Buckhout,D,D,-1,,1548780.39,723741.1,2272521.49,2,NC-01@@284,,,0.68,0.59,0.41,18.76,(7.88235372893196+0j)
NY-26,0.925,0.075,42.37717063562053,57.62282936437947,NY,26,Tim Kennedy,Anthony Marecki,D,D,9,,,,0,9,NY-26@@283,,,,,,,(4.04996124785889+0j)
NY-25,0.8888,0.1112,42.37717063562053,57.62282936437947,NY,25,Joseph Morelle,Gregg Sadwick,D,D,7,,,,0,7,NY-25@@282,,,#DIV/0!,,,,(8.657265940731502+0j)
NY-24,0.0266,0.9734,42.37717063562053,57.62282936437947,NY,24,Claudia Tenney,David Wagenhauser,R,R,-13,,,,0,-11,NY-24@@281,,,#DIV/0!,,,,(12+0j)
NY-23,0.0333,0.9667,42.37717063562053,57.62282936437947,NY,23,Thomas Carle,Nick Langworthy,R,R,-12,,,,0,-12,NY-23@@280,,,#DIV/0!,,,,(6.8070891043742074+0j)
NY-22,0.7447,0.2553,42.37717063562053,57.62282936437947,NY,22,John Mannion,Brandon Williams,R,R,3,,1015689.32,1099389.83,2115079.15,1,NY-22@@279,,,0.48,0.49,0.51,-2.38,(7.6765008500104805+0j)
NY-21,0.0595,0.9405,42.37717063562053,57.62282936437947,NY,21,Elise Stefanik,Paula Collins,R,R,-10,,,,0,-9,NY-21@@278,,,#DIV/0!,,,,(8.93314676231076+0j)
NY-20,0.8784,0.1216,42.37717063562053,57.62282936437947,NY,20,Paul Tonko,Kevin Waltz,D,D,7,,,,0,7,NY-20@@277,,,#DIV/0!,,,,(2+0j)
NY-19,0.5101,0.4899,42.37717063562053,57.62282936437947,NY,19,Josh Riley,Marc Molinaro,R,R,-1,,4227796.71,1525692.96,5753489.67,EVEN,NY-19@@276,,,0.73,0.62,0.38,24.36,(2.0856277784061135+0j)
NY-18,0.8326,0.1674,42.37717063562053,57.62282936437947,NY,18,Pat Ryan,Alison Esposito,D,D,2,,3937911.11,685496.09,4623407.2,1,NY-18@@275,,,0.85,0.68,0.32,36.63,(5.999999999999999+0j)
NY-17,0.4062,0.5938,42.37717063562053,57.62282936437947,NY,17,Mondaire Jones,Mike Lawler,R,R,3,,4269431.41,2374335.69,6643767.1,3,NY-17@@274,,,0.64,0.57,0.43,14.68,(5.999999999999999+0j)
NY-16,0.9987,0.0013,42.37717063562053,57.62282936437947,NY,16,George Latimer,Miriam Levitt Flisser,N,D,21,,,,0,20,NY-16@@273,,,#DIV/0!,,,,(-1.6329740121061391+0j)
NY-15,1.0,0.0,42.37717063562053,57.62282936437947,NY,15,Ritchie Torres,Gonzalo Duran,D,D,35,,,,0,35,NY-15@@272,,,#DIV/0!,,,,(6.6537477177069295+0j)
NY-14,0.9999,0.0001,42.37717063562053,57.62282936437947,NY,14,Alexandria Ocasio-Cortez,Tina Forte,D,D,27,,,,0,28,NY-14@@271,,,#DIV/0!,,,,(6.333333333333333+0j)
NY-13,1.0,0.0,42.37717063562053,57.62282936437947,NY,13,Adriano Espaillat,Ruben Vargas ,D,D,38,,,,0,38,NY-13@@270,,,#DIV/0!,,,,(-6.182796688126655+0j)
NY-12,1.0,0.0,42.37717063562053,57.62282936437947,NY,12,Jerry Nadler,Michael Zumbluskas,D,D,34,,,,0,34,NY-12@@269,,,#DIV/0!,,,,(6.642072964827516+0j)
NY-11,0.0539,0.9461,42.37717063562053,57.62282936437947,NY,11,Nicole Malliotakis ,Andrea Morse,R,R,-6,,149993.71,1152331.91,1302325.62,-6,NY-11@@268,,,0.12,0.30,0.70,-40.71,(0.06436541312317846+0j)
NY-10,1.0,0.0,42.37717063562053,57.62282936437947,NY,10,Dan Goldman,Alex Dodenhoff,D,D,35,,,,0,35,NY-10@@267,,,#DIV/0!,,,,
NY-9,0.9997,0.0003,42.37717063562053,57.62282936437947,NY,9,Yvette Clarke,Menachem Raitport,D,D,25,,,,0,25,NY-09@@266,,,#DIV/0!,,,,
NY-8,0.9999,0.0001,42.37717063562053,57.62282936437947,NY,8,Hakeem Jeffries ,John Delaney,D,D,26,,,,0,26,NY-08@@265,,,#DIV/0!,,,,(1.8232691283447287+0j)
NY-7,1.0,0.0,42.37717063562053,57.62282936437947,NY,7,Nydia Velázquez,William Kregler,D,D,31,,,,0,31,NY-07@@264,,,#DIV/0!,,,,(1.8232691283447284+0j)
NY-6,0.9855,0.0145,42.37717063562053,57.62282936437947,NY,6,Grace Meng,Thomas Zmich,D,D,15,,,,0,15,NY-06@@263,,,#DIV/0!,,,,(1.9999999999999998+0j)
NY-5,0.9999,0.0001,42.37717063562053,57.62282936437947,NY,5,Gregory Meeks,Paul King,D,D,30,,,,0,30,NY-05@@262,,,#DIV/0!,,,,(7.676500850010481+0j)
NY-4,0.6541,0.3459,42.37717063562053,57.62282936437947,NY,4,Laura Gillen,Anthony D'Esposito,R,R,5,,2338808.17,1370513.5,3709321.67,5,NY-04@@261,,,0.63,0.57,0.43,13.4,
NY-3,0.8562,0.1438,42.37717063562053,57.62282936437947,NY,3,Tom Suozzi,Michael LiPetri,D,D,2,,6019094.44,"$321,452.30",6340546.74,2,NY-03@@260,,,0.95,0.73,0.27,46.88,(-3.605287340302388+0j)
NY-2,0.2087,0.7913,42.37717063562053,57.62282936437947,NY,2,Rob Lubin,Andrew Garbarino,R,R,-3,,736415.4,839310.52,1575725.92,-3,NY-02@@259,,,0.47,0.48,0.52,-3.73,
NY-1,0.3559,0.6441,42.37717063562053,57.62282936437947,NY,1,John Avlon,Nick LaLota,R,R,-3,,2261910.87,749314.37,3011225.24,-3,NY-01@@258,,,0.75,0.63,0.37,26.07,(1.8232691283447284+0j)
NM-3,0.9028,0.0972,42.37717063562053,57.62282936437947,NM,3,Teresa Leger Fernandez,Sharon Clahchischilliage,D,D,4,,1351242.64,43974.16,1395216.8,4,NM-03@@257,,,0.97,0.74,0.26,48.89,0j
NM-2,0.4822,0.5178,42.37717063562053,57.62282936437947,NM,2,Gabe Vasquez,Yvette Herrell,D,D,1,,2805630.69,1564309.27,4369939.96,1,NM-02@@256,,,0.64,0.57,0.43,14.61,(-2.2310316666354413+0j)
NM-1,0.9391,0.0609,42.37717063562053,57.62282936437947,NM,1,Melanie Stansbury,Steve Jones,D,D,5,,701099.74,623.97,701723.71,5,NM-01@@255,,,1.00,0.76,0.24,52.11,(7.027244349954679+0j)
NJ-12,0.9729,0.0271,42.37717063562053,57.62282936437947,NJ,12,Bonnie Watson Coleman,Darius Mayfield ,D,D,12,,,,0,12,NJ-12@@254,,,#DIV/0!,,,,(19.999999999999996+0j)
NJ-11,0.8525,0.1475,42.37717063562053,57.62282936437947,NJ,11,Mikie Sherrill ,Joseph Belnome,D,D,6,,,,0,6,NJ-11@@253,,,#DIV/0!,,,,0j
NJ-10,1.0,0.0,42.37717063562053,57.62282936437947,NJ,10,LaMonica McIver ,Carmen Bucco,D,D,30,,,,0,30,NJ-10@@252,,,#DIV/0!,,,,(-3.2710726733543485+0j)
NJ-9,0.9116,0.0884,42.37717063562053,57.62282936437947,NJ,9,Nellie Pou,Billy Prempeh,N,D,8,,,,0,8,NJ-09@@251,,,#DIV/0!,,,,(8.353161988304016+0j)
NJ-8,0.9995,0.0005,42.37717063562053,57.62282936437947,NJ,8,Rob Menendez,Anthony Valdes,D,D,22,,,,0,22,NJ-08@@250,,,#DIV/0!,,,,
NJ-7,0.3005,0.6995,42.37717063562053,57.62282936437947,NJ,7,Sue Altman,Tom Kean Jr.,R,R,-1,,2489970.29,2301078.15,4791048.44,-1,NJ-07@@249,,,0.52,0.51,0.49,1.77,
NJ-6,0.9153,0.0847,42.37717063562053,57.62282936437947,NJ,6,Frank Pallone,Scott Fegler ,D,D,8,,,,0,8,NJ-06@@248,,,#DIV/0!,,,,
NJ-5,0.9065,0.0935,42.37717063562053,57.62282936437947,NJ,5,Josh Gottheimer,Mary Jo Guinchard,D,D,4,,5657391.89,1065,5658456.89,4,NJ-05@@247,,,1.00,0.76,0.24,52.18,(-8.872725806767717+0j)
NJ-4,0.0142,0.9858,42.37717063562053,57.62282936437947,NJ,4,Matthew Jenkins,Chris Smith,R,R,-14,,,,0,-14,NJ-04@@246,,,,,,,(-2.538777180287466+0j)
NJ-3,0.8957,0.1043,42.37717063562053,57.62282936437947,NJ,3,Herb Conaway,Rajesh Mohan,N,D,5,,576618.06,147677.4,724295.46,5,NJ-03@@245,,,0.80,0.65,0.35,30.79,(7.949486250874035+0j)
NJ-2,0.1009,0.8991,42.37717063562053,57.62282936437947,NJ,2,Joe Salerno,Jeff Van Drew,R,R,-5,,532010.73,2137468.99,2669479.72,-5,NJ-02@@244,,,0.20,0.34,0.66,-31.87,(5+0j)
NJ-1,0.9417,0.0583,42.37717063562053,57.62282936437947,NJ,1,Donald Norcross,Teddy Liddell,D,D,10,,,,0,10,NJ-01@@243,,,#DIV/0!,,,,(-1.0882570433605077+0j)
NH-2,0.9126,0.0874,42.37717063562053,57.62282936437947,NH,2,Maggie Goodlander,Lily Tang Williams,N,D,2,,2325678.68,"$244,137.03",2569815.71,2,NH-02@@242,,,0.90,0.71,0.29,42.22,(-4.998129735729579+0j)
NH-1,0.9439,0.0561,42.37717063562053,57.62282936437947,NH,1,Chris Pappas,Russel Prescott,D,D,0,,2125800.2,480205.18,2606005.38,EVEN,NH-01@@241,,,0.82,0.66,0.34,32.85,(7.7287699547952835+0j)
NV-4,0.8991,0.1009,42.37717063562053,57.62282936437947,NV,4,Steven Horsford,John Lee,D,D,3,,1990235.64,379686.03,2369921.67,3,NV-04@@240,,,0.84,0.68,0.32,35.38,(8.702520236244018+0j)
NV-3,0.9061,0.0939,42.37717063562053,57.62282936437947,NV,3,Susie Lee,Drew Johnson,D,D,1,,3008070.11,175457.2,3183527.31,1,NV-03@@239,,,0.94,0.73,0.27,46.41,(-4.481481548325267+0j)
NV-2,0.0008,0.9992,42.37717063562053,57.62282936437947,NV,2,NONE,Mark Amodei,R,R,-8,Others,,,0,-8,NV-02@@238,,,#DIV/0!,#DIV/0!,,,(8.622632694921213+0j)
NV-1,0.9577,0.0423,42.37717063562053,57.62282936437947,NV,1,Dina Titus,Mark Robertson,D,D,3,,853053.44,128265.94,981319.38,3,NV-01@@237,,,0.87,0.69,0.31,38.48,(0.1553919633502096+0j)
NE-3,0.0,1.0,42.37717063562053,57.62282936437947,NE,3,Daniel Ebers,Adrian Smith,R,R,-29,,,,0,-29,NE-03@@236,,,#DIV/0!,#DIV/0!,,,(-1.6063325938605382+0j)
NE-2,0.5979,0.4021,42.37717063562053,57.62282936437947,NE,2,Tony Vargas,Don Bacon,R,R,0,,3137390.14,2064117.75,5201507.89,EVEN,NE-02@@235,,,0.60,0.55,0.45,10.53,(10+0j)
NE-1,0.0628,0.9372,42.37717063562053,57.62282936437947,NE,1,Carol Brood,Mike Flood,R,R,-9,,,,0,-9,NE-01@@234,,,#DIV/0!,#DIV/0!,,,
MT-2,0.0043,0.9957,42.37717063562053,57.62282936437947,MT,2,John Driscoll ,Troy Downing ,N,R,-16,,,,0,-16,MT-02@@233,,,#DIV/0!,#DIV/0!,,,(-7.191515443057119+0j)
MT-1,0.2216,0.7784,42.37717063562053,57.62282936437947,MT,1,Monica Tranel,Ryan Zinke,R,R,-6,,2824897.15,5176809.01,8001706.16,-6,MT-01@@232,,,0.35,0.42,0.58,-15.73,(-6.112288446508337+0j)
MO-8,0.0001,0.9999,42.37717063562053,57.62282936437947,MO,8,Jason Smith,Randi McCallian,R,R,-28,,,,0,-28,MO-08@@231,,,#DIV/0!,#DIV/0!,,,(10.087888693474577+0j)
MO-7,0.0002,0.9998,42.37717063562053,57.62282936437947,MO,7,Missi Hesketh,Eric Burlison,R,R,-24,,,,0,-24,MO-07@@230,,,#DIV/0!,#DIV/0!,,,
MO-6,0.0017,0.9983,42.37717063562053,57.62282936437947,MO,6,Pam May,Sam Graves,R,R,-21,,,,0,-21,MO-06@@229,,,#DIV/0!,#DIV/0!,,,(1+0j)
MO-5,0.9586,0.0414,42.37717063562053,57.62282936437947,MO,5,Emanuel Cleaver,Sean Smith,D,D,11,,,,0,11,MO-05@@228,,,#DIV/0!,#DIV/0!,,,
MO-4,0.0004,0.9996,42.37717063562053,57.62282936437947,MO,4,Jeanette Cass,Mark Alford,R,R,-23,,,,0,-23,MO-04@@227,,,#DIV/0!,#DIV/0!,,,(5.46238676891416+0j)
MO-3,0.0471,0.9529,42.37717063562053,57.62282936437947,MO,3,Bethany Mann,Bob Onder,N,R,-16,,,,0,-16,MO-03@@226,,,#DIV/0!,#DIV/0!,,,(8.353161988304018+0j)
MO-2,0.0926,0.9074,42.37717063562053,57.62282936437947,MO,2,Ray Hartmann,Ann Wagner,R,R,-7,,,,0,-7,MO-02@@225,,,#DIV/0!,#DIV/0!,,,
MO-1,0.9998,0.0002,42.37717063562053,57.62282936437947,MO,1,Wesley Bell,Andrew Jones,N,D,27,,,,0,27,MO-01@@224,,,#DIV/0!,#DIV/0!,,,(-39+0j)
MS-4,0.0005,0.9995,42.37717063562053,57.62282936437947,MS,4,Craig Raybon,Mike Ezell ,R,R,-22,,,,0,-22,MS-04@@223,,,#DIV/0!,#DIV/0!,,,(8.353161988304018+0j)
MS-3,0.0083,0.9917,42.37717063562053,57.62282936437947,MS,3,NONE,Michael Guest,R,R,-15,,,,0,-15,MS-03@@222,,,#DIV/0!,#DIV/0!,,,
MS-2,0.9529,0.0471,42.37717063562053,57.62282936437947,MS,2,Bennie Thompson ,Ron Eller,D,D,11,,,,0,11,MS-02@@221,,,#DIV/0!,#DIV/0!,,,(-0.4464740812707144+0j)
MS-1,0.0028,0.9972,42.37717063562053,57.62282936437947,MS,1,Dianne Black,Trent Kelly,R,R,-18,,,,0,-18,MS-01@@220,,,#DIV/0!,#DIV/0!,,,(3.9999999999999996+0j)
MN-8,0.0634,0.9366,42.37717063562053,57.62282936437947,MN,8,Jennifer Schultz,Pete Stauber,R,R,-8,,,,0,-8,MN-08@@219,,,#DIV/0!,#DIV/0!,,,(-22.1+0j)
MN-7,0.0025,0.9975,42.37717063562053,57.62282936437947,MN,7,A. J. Peters,Michelle Fischbach,R,R,-19,,,,0,-19,MN-07@@218,,,#DIV/0!,#DIV/0!,,,(-22.100000000000005+0j)
MN-6,0.0323,0.9677,42.37717063562053,57.62282936437947,MN,6,Jeanne Hendricks,Tom Emmer,R,R,-12,,,,0,-12,MN-06@@217,,,#DIV/0!,#DIV/0!,,,(2.817015957955527+0j)
MN-5,1.0,0.0,42.37717063562053,57.62282936437947,MN,5,Ilhan Omar,Dalia al-Aqidi,D,D,30,,,,0,30,MN-05@@216,,,#DIV/0!,#DIV/0!,,,(7.949486250874035+0j)
MN-4,0.9925,0.0075,42.37717063562053,57.62282936437947,MN,4,Betty McCollum,May Lor Xiong,D,D,17,,,,0,17,MN-04@@215,,,#DIV/0!,#DIV/0!,,,(-8+0j)
MN-3,0.8897,0.1103,42.37717063562053,57.62282936437947,MN,3,Kelly Morrison,Tad Jude,N,D,8,,,,0,8,MN-03@@214,,,#DIV/0!,#DIV/0!,,,(-7.505688727243131+0j)
MN-2,0.7685,0.2315,42.37717063562053,57.62282936437947,MN,2,Angie Craig,Joe Teirab,D,D,1,,4208319.11,1210716.1,5419035.21,1,MN-02@@213,,,0.78,0.64,0.36,28.74,0j
MN-1,0.096,0.904,42.37717063562053,57.62282936437947,MN,1,Rachel Bohman,Brad Finstad,R,R,-7,,,,0,-7,MN-01@@212,,,#DIV/0!,#DIV/0!,,,
MI-13,0.999,0.001,42.37717063562053,57.62282936437947,MI,13,Shri Thanedar,Martell Bivings,D,D,23,,,,0,23,MI-13@@211,,,#DIV/0!,#DIV/0!,,,(4+0j)
MI-12,0.9994,0.0006,42.37717063562053,57.62282936437947,MI,12,Rashida Tlaib ,James Hooper,D,D,23,,,,0,23,MI-12@@210,,,#DIV/0!,#DIV/0!,,,(4+0j)
MI-11,0.8892,0.1108,42.37717063562053,57.62282936437947,MI,11,Haley Stevens,Nick Somberg ,D,D,7,,,,0,7,MI-11@@209,,,#DIV/0!,#DIV/0!,,,
MI-10,0.3421,0.6579,42.37717063562053,57.62282936437947,MI,10,Carl Marlinga,John James,R,R,-3,,615549.77,3061457.14,3677006.91,-3,MI-10@@208,,,0.17,0.32,0.68,-35.22,(-12.348514366029015+0j)
MI-9,0.0033,0.9967,42.37717063562053,57.62282936437947,MI,9,Clinton St. Mosley,Lisa McClain,R,R,-18,,,,0,-18,MI-09@@207,,,#DIV/0!,#DIV/0!,,,
MI-8,0.533,0.467,42.37717063562053,57.62282936437947,MI,8,Kristen McDonald Rivet,Paul Junge,N,D,-1,,1295158.78,115408.31,1410567.09,-1,MI-08@@206,,,0.92,0.72,0.28,43.61,(5+0j)
MI-7,0.3987,0.6013,42.37717063562053,57.62282936437947,MI,7,Curtis Hertel Jr.,Tom Barrett,N,D,-2,,"$468,694.65","$485,654.13","$954,348.78",-2,MI-07@@205,,,0.49,0.49,0.51,-1.23,(-7.440459255015089+0j)
MI-6,0.9491,0.0509,42.37717063562053,57.62282936437947,MI,6,Debbie Dingell,Heather Smiley,D,D,11,,,,0,11,MI-06@@204,,,#DIV/0!,#DIV/0!,,,(-7.529813182067215+0j)
MI-5,0.0137,0.9863,42.37717063562053,57.62282936437947,MI,5,Libbi Urban,Tim Walberg,R,R,-15,,,,0,-15,MI-05@@203,,,#DIV/0!,#DIV/0!,,,(8.353161988304018+0j)
MI-4,0.1263,0.8737,42.37717063562053,57.62282936437947,MI,4,Jessica Swartz ,Bill Huizenga,R,R,-5,,567358.69,976960.42,1544319.11,-5,MI-04@@202,,,0.37,0.43,0.57,-14.22,(0.47169810676581475+0j)
MI-3,0.7602,0.2398,42.37717063562053,57.62282936437947,MI,3,Hillary Scholten,Paul Hudson,D,D,1,,2297300.07,372204.89,2669504.96,1,MI-03@@201,,,0.86,0.69,0.31,37.56,(-19.06012957348728+0j)
MI-2,0.0078,0.9922,42.37717063562053,57.62282936437947,MI,2,Michael Lynch,John Moolenaar,R,R,-16,,,,0,-16,MI-02@@200,,,#DIV/0!,#DIV/0!,,,(8.353161988304018+0j)
MI-1,0.0148,0.9852,42.37717063562053,57.62282936437947,MI,1,Callie Barr,Jack Bergman,R,R,-13,,,,0,-13,MI-01@@199,,,#DIV/0!,#DIV/0!,,,(-22.1+0j)
MA-9,0.8632,0.1368,42.37717063562053,57.62282936437947,MA,9,Bill Keating ,Dan Sullivan,D,D,6,,,,0,6,MA-09@@198,,,#DIV/0!,#DIV/0!,,,
MA-8,0.9865,0.0135,42.37717063562053,57.62282936437947,MA,8,Stephen Lynch,Rober Burke,D,D,15,,2486.06,1125,3611.06,15,MA-08@@197,,,0.69,0.60,0.40,19.49,(-5.017287079767489+0j)
MA-7,1.0,0.0,42.37717063562053,57.62282936437947,MA,7,Ayanna Pressley,NONE,D,D,35,,,,0,35,MA-07@@196,,D,#DIV/0!,#DIV/0!,,,(2.8544541085667503+0j)
MA-6,1.0,0.0,42.37717063562053,57.62282936437947,MA,6,Seth Moulton,NONE,D,D,11,,,,0,11,MA-06@@195,,D,#DIV/0!,#DIV/0!,,,(4+0j)
MA-5,1.0,0.0,42.37717063562053,57.62282936437947,MA,5,Katherine Clark,NONE,D,D,23,,,,0,23,MA-05@@194,,D,#DIV/0!,#DIV/0!,,,(-7+0j)
MA-4,1.0,0.0,42.37717063562053,57.62282936437947,MA,4,Jake Auchincloss,NONE,D,D,12,,,,0,12,MA-04@@193,,D,#DIV/0!,#DIV/0!,,,(7.949486250874035+0j)
MA-3,1.0,0.0,42.37717063562053,57.62282936437947,MA,3,Lori Trahan,NONE,D,D,11,,,,0,11,MA-03@@192,,D,#DIV/0!,#DIV/0!,,,(2+0j)
MA-2,1.0,0.0,42.37717063562053,57.62282936437947,MA,2,Jim McGovern,NONE,D,D,13,,,,0,13,MA-02@@191,,D,#DIV/0!,#DIV/0!,,,(0.504117071758046+0j)
MA-1,1.0,0.0,42.37717063562053,57.62282936437947,MA,1,Richard Neal,NONE,D,D,9,,,,0,9,MA-01@@190,,D,#DIV/0!,#DIV/0!,,,(7.949486250874036+0j)
MD-8,0.9999,0.0001,42.37717063562053,57.62282936437947,MD,8,Jamie Raskin ,Cheryl Riley ,D,D,29,,,,0,29,MD-08@@189,,,#DIV/0!,#DIV/0!,,,
MD-7,1.0,0.0,42.37717063562053,57.62282936437947,MD,7,Kweisi Mfume ,Scott Collier ,D,D,30,,,,0,30,MD-07@@188,,,#DIV/0!,#DIV/0!,,,(-4.641093281918359+0j)
MD-6,0.6418,0.3582,42.37717063562053,57.62282936437947,MD,6,April McClain-Delaney,Neil Parrott,N,D,2,,973977.21,524280.62,1498257.83,2,MD-06@@187,,,0.65,0.58,0.42,15.46,(-7.488548566671916+0j)
MD-5,0.9881,0.0119,42.37717063562053,57.62282936437947,MD,5,Steny Hoyer,Michelle Talkington,D,D,15,,,,0,15,MD-05@@186,,,#DIV/0!,#DIV/0!,,,(4.8185616575991+0j)
MD-4,1.0,0.0,42.37717063562053,57.62282936437947,MD,4,Glenn Ivey,George McDermott,D,D,40,,,,0,40,MD-04@@185,,,#DIV/0!,#DIV/0!,,,(-3.3734043736980754+0j)
MD-3,0.9412,0.0588,42.37717063562053,57.62282936437947,MD,3,Sarah Elfreth,Robert Steinberger,N,D,10,,,,0,10,MD-03@@184,,,#DIV/0!,#DIV/0!,,,(2.329928768633611+0j)
MD-2,0.8686,0.1314,42.37717063562053,57.62282936437947,MD,2,Johnny Olszewski,Kimberly Klacik ,N,D,7,,,,0,7,MD-02@@183,,,#DIV/0!,#DIV/0!,,,(-3.2646762390595856+0j)
MD-1,0.0345,0.9655,42.37717063562053,57.62282936437947,MD,1,Blane Miller ,Andy Harris,R,R,-11,,,,0,-11,MD-01@@182,,,#DIV/0!,#DIV/0!,,,(-7.570217856664763+0j)
ME-2,0.3754,0.6246,42.37717063562053,57.62282936437947,ME,2,Jared Golden,Austin Theriault ,D,D,-6,,3817244.33,1146578.11,4963822.44,-6,ME-02@@181,,,0.77,0.64,0.36,27.95,(-7+0j)
ME-1,0.997,0.003,42.37717063562053,57.62282936437947,ME,1,Chellie Pingree,Ronald Russell ,D,D,9,,,,0,9,ME-01@@180,,,#DIV/0!,#DIV/0!,,,(0.3173305497557992+0j)
LA-6,0.9038,0.0962,42.37717063562053,57.62282936437947,LA,6,,,,D,8,,,,0,-19,LA-06@@179,,,#DIV/0!,#DIV/0!,,,(1+0j)
LA-5,0.0023,0.9977,42.37717063562053,57.62282936437947,LA,5,Michael Vallien Jr.,,R,R,-19,,,,0,-17,LA-05@@178,,,#DIV/0!,#DIV/0!,,,(5.46238676891416+0j)
LA-4,0.0002,0.9998,42.37717063562053,57.62282936437947,LA,4,,Mike Johnson,R,R,-26,,,,0,-14,LA-04@@177,,,#DIV/0!,#DIV/0!,,,(7.785152656028244+0j)
LA-3,0.0007,0.9993,42.37717063562053,57.62282936437947,LA,3,,,R,R,-22,,,,0,-21,LA-03@@176,,,#DIV/0!,#DIV/0!,,,(10.087888693474575+0j)
LA-2,0.9907,0.0093,42.37717063562053,57.62282936437947,LA,2,Troy Carter,,D,D,16,,,,0,25,LA-02@@175,,,#DIV/0!,#DIV/0!,,,(2.2779187420976834+0j)
LA-1,0.0007,0.9993,42.37717063562053,57.62282936437947,LA,1,,Scalise,R,R,-22,,,,0,-23,LA-01@@174,,,#DIV/0!,#DIV/0!,,,(10.087888693474575+0j)
KY-6,0.0588,0.9412,42.37717063562053,57.62282936437947,KY,6,Randy Cravens,Andy Barr,R,R,-9,,,,0,-9,KY-06@@173,,,#DIV/0!,#DIV/0!,,,
KY-5,0.0,1.0,42.37717063562053,57.62282936437947,KY,5,NONE,Hal Rogers,R,R,-32,,,,0,-32,KY-05@@172,,R,#DIV/0!,#DIV/0!,,,
KY-4,0.0,1.0,42.37717063562053,57.62282936437947,KY,4,NONE,Thomas Massie,R,R,-19,,,,0,-19,KY-04@@171,,R,#DIV/0!,#DIV/0!,,,
KY-3,0.8805,0.1195,42.37717063562053,57.62282936437947,KY,3,Morgan McGarvey,Mike Craven,D,D,9,,,,0,9,KY-03@@170,,,#DIV/0!,#DIV/0!,,,(-39+0j)
KY-2,0.0018,0.9982,42.37717063562053,57.62282936437947,KY,2,Hank Linderman,Brett Guthrie,R,R,-21,,,,0,-21,KY-02@@169,,,#DIV/0!,#DIV/0!,,,(8.353161988304018+0j)
KY-1,0.0004,0.9996,42.37717063562053,57.62282936437947,KY,1,Erin Marshall,James Comer,R,R,-24,,,,0,-24,KY-01@@168,,,#DIV/0!,#DIV/0!,,,(8.353161988304018+0j)
KS-4,0.0125,0.9875,42.37717063562053,57.62282936437947,KS,4,Esau Freeman,Ron Estees,R,R,-14,,,,0,-14,KS-04@@167,,,#DIV/0!,#DIV/0!,,,
KS-3,0.6891,0.3109,42.37717063562053,57.62282936437947,KS,3,Sharice Davids,Prasanth Reddy,D,D,-1,,2874860.57,676015.78,3550876.35,-1,KS-03@@166,,,0.81,0.66,0.34,32.21,(-7.44045925501509+0j)
KS-2,0.1157,0.8843,42.37717063562053,57.62282936437947,KS,2,Democrat,Derek Schmidt,N,R,-11,,,,0,-11,KS-02@@165,,,#DIV/0!,#DIV/0!,,,
KS-1,0.0021,0.9979,42.37717063562053,57.62282936437947,KS,1,Paul Buskirk,Tracey Mann,R,R,-18,,,,0,-18,KS-01@@164,,,#DIV/0!,#DIV/0!,,,
IA-4,0.0108,0.9892,42.37717063562053,57.62282936437947,IA,4,Ryan Melton,Randy Feenstra ,R,R,-16,,,,0,-16,IA-04@@163,,,#DIV/0!,#DIV/0!,,,(8.353161988304018+0j)
IA-3,0.5546,0.4454,42.37717063562053,57.62282936437947,IA,3,Lanon Baccam,Zach Nunn,R,R,-3,,1916302.85,1833071.48,3749374.33,-3,IA-03@@162,,,0.51,0.50,0.50,0.87,
IA-2,0.0883,0.9117,42.37717063562053,57.62282936437947,IA,2,Sarah Corkery,Ashley Hinson,R,R,-4,,252379.65,2359534.18,2611913.83,-4,IA-02@@161,,,0.10,0.29,0.71,-42.65,(4+0j)
IA-1,0.447,0.553,42.37717063562053,57.62282936437947,IA,1,Christina Bohannan,Mariannette Miller-Meeks ,R,R,-3,,2981019.18,1405366.66,4386385.84,-3,IA-01@@160,,,0.68,0.59,0.41,18.56,
IN-9,0.0095,0.9905,42.37717063562053,57.62282936437947,IN,9,Tim Peck,Erin Houchin,R,R,-16,,,,0,-16,IN-09@@159,,,#DIV/0!,#DIV/0!,,,(-0.2409028643802835+0j)
IN-8,0.0122,0.9878,42.37717063562053,57.62282936437947,IN,8,Erik Hurt,Mark Messmer ,N,R,-19,,,,0,-19,IN-08@@158,,,#DIV/0!,#DIV/0!,,,
IN-7,0.998,0.002,42.37717063562053,57.62282936437947,IN,7,André Carson,John Schmitz,D,D,19,,,,0,19,IN-07@@157,,,#DIV/0!,#DIV/0!,,,
IN-6,0.0122,0.9878,42.37717063562053,57.62282936437947,IN,6,Cinde Wirth,Jefferson Shreve,N,R,-19,,,,0,-19,IN-06@@156,,,#DIV/0!,#DIV/0!,,,
IN-5,0.0373,0.9627,42.37717063562053,57.62282936437947,IN,5,Deborah Pickett,Victoria Spartz,R,R,-11,,,,0,-11,IN-05@@155,,,#DIV/0!,#DIV/0!,,,(1.88019115945915+0j)
IN-4,0.0047,0.9953,42.37717063562053,57.62282936437947,IN,4,Derrick Holder,Jim Baird,R,R,-18,,,,0,-18,IN-04@@154,,,#DIV/0!,#DIV/0!,,,(1.8332797884023126+0j)
IN-3,0.0177,0.9823,42.37717063562053,57.62282936437947,IN,3,Kiley Adolph,Marlin Stutzman,N,R,-18,,,,0,-18,IN-03@@153,,,#DIV/0!,#DIV/0!,,,
IN-2,0.013,0.987,42.37717063562053,57.62282936437947,IN,2,Lori Camp,Rudy Yakym ,R,R,-14,,,,0,-14,IN-02@@152,,,#DIV/0!,#DIV/0!,,,
IN-1,0.757,0.243,42.37717063562053,57.62282936437947,IN,1,Frank Mrvan,Randy Niemeye,D,D,3,,,,0,3,IN-01@@151,,,#DIV/0!,#DIV/0!,,,(9.478479253678195+0j)
IL-17,0.7812,0.2188,42.37717063562053,57.62282936437947,IL,17,Eric Sorensen,Joe McGraw,D,D,2,,2446186.95,490177.17,2936364.12,2,IL-17@@150,,,0.83,0.67,0.33,34.67,(-20.000000000000004+0j)
IL-16,0.0,1.0,42.37717063562053,57.62282936437947,IL,16,NONE,Darin LaHood,R,R,-13,,,,0,-13,IL-16@@149,,R,#DIV/0!,#DIV/0!,,,(8.353161988304018+0j)
IL-15,0.0,1.0,42.37717063562053,57.62282936437947,IL,15,NONE,Mary Milller,R,R,-22,,,,0,-22,IL-15@@148,,R,#DIV/0!,#DIV/0!,,,(-7.490074583785224+0j)
IL-14,0.8976,0.1024,42.37717063562053,57.62282936437947,IL,14,Lauren Underwood ,Jim Marter,D,D,4,,2456420.89,173921.26,2630342.15,4,IL-14@@147,,,0.93,0.73,0.27,45.26,(-4.6357679294818706+0j)
IL-13,0.8901,0.1099,42.37717063562053,57.62282936437947,IL,13,Nikki Budzinski,Joshua Lloyd,D,D,3,,1948448.88,10640.49,1959089.37,3,IL-13@@146,,,0.99,0.76,0.24,51.63,(1.8232691283447284+0j)
IL-12,0.0003,0.9997,42.37717063562053,57.62282936437947,IL,12,Mike Bost,Brian Roberts,R,R,-24,,,,0,-24,IL-12@@145,,,#DIV/0!,#DIV/0!,,,
IL-11,0.8494,0.1506,42.37717063562053,57.62282936437947,IL,11,Bill Foster,Jerry Evans,D,D,5,,1420486.87,409440.14,1829927.01,5,IL-11@@144,,,0.78,0.64,0.36,28.71,
IL-10,0.9499,0.0501,42.37717063562053,57.62282936437947,IL,10,Brad Schneider,Jim Carris,D,D,11,,,,0,11,IL-10@@143,,,#DIV/0!,#DIV/0!,,,(-3.8685796004469966+0j)
IL-9,0.9952,0.0048,42.37717063562053,57.62282936437947,IL,9,Jan Schakowsky,Seth Cohen,D,D,19,,,,0,19,IL-09@@142,,,#DIV/0!,#DIV/0!,,,(2.3220555660093196+0j)
IL-8,0.8645,0.1355,42.37717063562053,57.62282936437947,IL,8,Raja Krishnamoorthi ,Mark Rice,D,D,6,,,,0,6,IL-08@@141,,,#DIV/0!,#DIV/0!,,,
IL-7,1.0,0.0,42.37717063562053,57.62282936437947,IL,7,Danny Davis,Chad Koppie,D,D,36,,,,0,36,IL-07@@140,,,#DIV/0!,#DIV/0!,,,(7.6765008500104805+0j)
IL-6,0.8895,0.1105,42.37717063562053,57.62282936437947,IL,6,Sean Casten,Niki Conforti,D,D,3,,1538240.96,74621,1612861.96,3,IL-06@@139,,,0.95,0.74,0.26,47.34,(4+0j)
IL-5,0.9948,0.0052,42.37717063562053,57.62282936437947,IL,5,Mike Quigley,Tommy Hanson,D,D,18,,,,0,18,IL-05@@138,,,#DIV/0!,#DIV/0!,,,(3.9999999999999996+0j)
IL-4,0.9986,0.0014,42.37717063562053,57.62282936437947,IL,4,Chuy Garcia,Lupe Castillo,D,D,22,,,,0,22,IL-04@@137,,,#DIV/0!,#DIV/0!,,,(-6.182796688126654+0j)
IL-3,0.9969,0.0031,42.37717063562053,57.62282936437947,IL,3,Delia Ramirez,John Booras,D,D,20,,,,0,20,IL-03@@136,,,#DIV/0!,#DIV/0!,,,(-6.182796688126654+0j)
IL-2,0.9978,0.0022,42.37717063562053,57.62282936437947,IL,2,Robin Kelly,Ashley Ramos ,D,D,19,,,,0,19,IL-02@@135,,,#DIV/0!,#DIV/0!,,,
IL-1,0.9967,0.0033,42.37717063562053,57.62282936437947,IL,1,Jonathan Jackson,Marcus Lewis,D,D,20,,,,0,20,IL-01@@134,,,#DIV/0!,#DIV/0!,,,(-2.5941149045198904+0j)
ID-2,0.0109,0.9891,42.37717063562053,57.62282936437947,ID,2,David Roth,Mike Simpson,R,R,-14,,,,0,-14,ID-02@@133,,,#DIV/0!,#DIV/0!,,,
ID-1,0.0005,0.9995,42.37717063562053,57.62282936437947,ID,1,Kaylee Peterson,Russ Fulcher,R,R,-22,,,,0,-22,ID-01@@132,,,#DIV/0!,#DIV/0!,,,
HI-2,0.9888,0.0112,42.37717063562053,57.62282936437947,HI,2,Jill Tokuda,Steve Bond,D,D,14,,,,0,14,HI-02@@131,,,#DIV/0!,#DIV/0!,,,(44.899999999999984+0j)
HI-1,0.9881,0.0119,42.37717063562053,57.62282936437947,HI,1,Ed Case,Patrick Largey,D,D,14,,,,0,14,HI-01@@130,,,#DIV/0!,#DIV/0!,,,(26.12071205133386+0j)
GA-14,0.0002,0.9998,42.37717063562053,57.62282936437947,GA,14,Marjorie Taylor Greene,Shawn Harris,R,R,-22,,,,0,-22,GA-14@@129,,,#DIV/0!,#DIV/0!,,,(-26+0j)
GA-13,0.9933,0.0067,42.37717063562053,57.62282936437947,GA,13,David Scott,Jonathan Chavez,D,D,17,,,,0,28,GA-13@@128,,,#DIV/0!,#DIV/0!,,,(4+0j)
GA-12,0.0691,0.9309,42.37717063562053,57.62282936437947,GA,12,Liz Johnson,Rick Allen,R,R,-8,,,,0,-8,GA-12@@127,,,#DIV/0!,#DIV/0!,,,
GA-11,0.011,0.989,42.37717063562053,57.62282936437947,GA,11,Kate Stamper,Barry Loudermilk ,R,R,-14,,,,0,-11,GA-11@@126,,,#DIV/0!,#DIV/0!,,,
GA-10,0.0162,0.9838,42.37717063562053,57.62282936437947,GA,10,Lexy Doherty,Mike Collins,R,R,-14,,,,0,-15,GA-10@@125,,,#DIV/0!,#DIV/0!,,,(-2.7207992150197144+0j)
GA-9,0.0015,0.9985,42.37717063562053,57.62282936437947,GA,9,Tambrei Cash,Andre Clyde,R,R,-20,,,,0,-22,GA-09@@124,,,#DIV/0!,#DIV/0!,,,
GA-8,0.0053,0.9947,42.37717063562053,57.62282936437947,GA,8,Darrius Butler,Austin Scott,R,R,-16,,,,0,-16,GA-08@@123,,,#DIV/0!,#DIV/0!,,,
GA-7,0.0191,0.9809,42.37717063562053,57.62282936437947,GA,7,Bob Christian,Rich McCormick ,R,R,-13,,,,0,10,GA-07@@122,,,#DIV/0!,#DIV/0!,,,(-7+0j)
GA-6,0.9991,0.0009,42.37717063562053,57.62282936437947,GA,6,Lucy McBath,Jeff Criswell,D,D,22,,,,0,-11,GA-06@@121,,,#DIV/0!,#DIV/0!,,,(4+0j)
GA-5,1.0,0.0,42.37717063562053,57.62282936437947,GA,5,Nikema Williams,John Salvesen,D,D,35,,,,0,32,GA-05@@120,,,#DIV/0!,#DIV/0!,,,(2+0j)
GA-4,1.0,0.0,42.37717063562053,57.62282936437947,GA,4,Hank Johnson,Eugene Yu,D,D,27,,,,0,27,GA-04@@119,,,#DIV/0!,#DIV/0!,,,
GA-3,0.0184,0.9816,42.37717063562053,57.62282936437947,GA,3,Maura Keller,Brian Jack,N,R,-18,,,,0,-18,GA-03@@118,,,#DIV/0!,#DIV/0!,,,
GA-2,0.8967,0.1033,42.37717063562053,57.62282936437947,GA,2,Sanford Bishop,Wayne Johnson,D,D,3,,539116.64,850,539966.64,3,GA-02@@117,,,1.00,0.76,0.24,52.03,(1+0j)
GA-1,0.0812,0.9188,42.37717063562053,57.62282936437947,GA,1,Patti Hewitt,Buddy Carter,R,R,-9,,,,0,-9,GA-01@@116,,,#DIV/0!,#DIV/0!,,,(11.000000000000002+0j)
FL-28,0.3859,0.6141,42.37717063562053,57.62282936437947,FL,28,Phil Ehr,Carlos Gimenez,R,R,-2,,988767.13,305153.76,1293920.89,-2,FL-28@@115,,,0.76,0.64,0.36,27.44,
FL-27,0.2825,0.7175,42.37717063562053,57.62282936437947,FL,27,Lucia Baez-Geller,Maria Elvira Salazar,R,R,0,,332855.87,717639.41,1050495.28,EVEN,FL-27@@114,,,0.32,0.40,0.60,-19.53,(7.67650085001048+0j)
FL-26,0.0724,0.9276,42.37717063562053,57.62282936437947,FL,26,Joey Atkins,Mario Diaz-Balart,R,R,-8,,,,0,-8,FL-26@@113,,,#DIV/0!,#DIV/0!,,,
FL-25,0.9233,0.0767,42.37717063562053,57.62282936437947,FL,25,Debbie Wasserman Schultz,Chris Eddy,D,D,9,,,,0,9,FL-25@@112,,,#DIV/0!,#DIV/0!,,,(2+0j)
FL-24,0.9997,0.0003,42.37717063562053,57.62282936437947,FL,24,Fredrica Wilson,Jesus Navarro,D,D,25,,,,0,25,FL-24@@111,,,#DIV/0!,#DIV/0!,,,
FL-23,0.9183,0.0817,42.37717063562053,57.62282936437947,FL,23,Jared Moskowitz,Joe Kaufman,D,D,5,,1149416.31,109687.53,1259103.84,5,FL-23@@110,,,0.91,0.72,0.28,43.05,(2+0j)
FL-22,0.8841,0.1159,42.37717063562053,57.62282936437947,FL,22,Lois Frankel,Dan Franzese,D,D,7,,,,0,7,FL-22@@109,,,#DIV/0!,#DIV/0!,,,(2+0j)
FL-21,0.1159,0.8841,42.37717063562053,57.62282936437947,FL,21,Thomas Witkop,Brian Mast,R,R,-7,,,,0,-7,FL-21@@108,,,#DIV/0!,#DIV/0!,,,(4.844607037470525+0j)
FL-20,1.0,0.0,42.37717063562053,57.62282936437947,FL,20,Sheila Cherfilus-McCormick ,NONE,D,D,25,,,,0,25,FL-20@@107,,D,#DIV/0!,#DIV/0!,,,
FL-19,0.0263,0.9737,42.37717063562053,57.62282936437947,FL,19,Kari Lerner,Byron Donalds,R,R,-13,,,,0,-13,FL-19@@106,,,#DIV/0!,#DIV/0!,,,(6.962950252928166+0j)
FL-18,0.0233,0.9767,42.37717063562053,57.62282936437947,FL,18,Andrea Doria Kale,Scott Franklin,R,R,-13,,,,0,-13,FL-18@@105,,,#DIV/0!,#DIV/0!,,,(2+0j)
FL-17,0.0554,0.9446,42.37717063562053,57.62282936437947,FL,17,Manny Lopez,Greb Steube,R,R,-10,,,,0,-10,FL-17@@104,,,#DIV/0!,#DIV/0!,,,(6.962950252928167+0j)
FL-16,0.1156,0.8844,42.37717063562053,57.62282936437947,FL,16,Jan Schneider,Vern Buchanan,R,R,-7,,,,0,-7,FL-16@@103,,,#DIV/0!,#DIV/0!,,,(4.370455196779463+0j)
FL-15,0.2778,0.7222,42.37717063562053,57.62282936437947,FL,15,Pat Kemp,Laurel Lee,R,R,-4,,209193.68,427193.65,636387.33,-4,FL-15@@102,,,0.33,0.41,0.59,-18.28,(6.962950252928166+0j)
FL-14,0.9029,0.0971,42.37717063562053,57.62282936437947,FL,14,Kathy Castor,Rocky Rochford,D,D,8,,,,0,8,FL-14@@101,,,#DIV/0!,#DIV/0!,,,(2+0j)
FL-13,0.4343,0.5657,42.37717063562053,57.62282936437947,FL,13,Whitney Fox,Anna Paulina Luna,R,R,-6,,"$779,880","$1,627,431","$2,407,311",-6,FL-13@@100,,,0.32,0.41,0.59,-18.78,
FL-12,0.0067,0.9933,42.37717063562053,57.62282936437947,FL,12,Rock Aboujaoude Jr,Gus Bilirakis,R,R,-17,,,,0,-17,FL-12@@99,,,#DIV/0!,#DIV/0!,,,(6.962950252928166+0j)
FL-11,0.0894,0.9106,42.37717063562053,57.62282936437947,FL,11,Barbie Hall,Daniel Webster,R,R,-8,,,,0,-8,FL-11@@98,,,#DIV/0!,#DIV/0!,,,(4.4032880829605165+0j)
FL-10,0.9812,0.0188,42.37717063562053,57.62282936437947,FL,10,Maxwell Frost,Willie Montague,D,D,14,,,,0,14,FL-10@@97,,,#DIV/0!,#DIV/0!,,,(2+0j)
FL-9,0.9064,0.0936,42.37717063562053,57.62282936437947,FL,9,Darren Soto,Thomas Chalifoux,D,D,8,,,,0,8,FL-09@@96,,,#DIV/0!,#DIV/0!,,,(2+0j)
FL-8,0.1427,0.8573,42.37717063562053,57.62282936437947,FL,8,Sandy Kennedy,Bill Posey,N,R,-11,,,,0,-11,FL-08@@95,,,#DIV/0!,#DIV/0!,,,(6.962950252928167+0j)
FL-7,0.0673,0.9327,42.37717063562053,57.62282936437947,FL,7,Jennifer Adams,Cory Mills,R,R,-5,,71692.67,713611.62,785304.29,-5,FL-07@@94,,,0.09,0.28,0.72,-43.21,(5.011918531992147+0j)
FL-6,0.0125,0.9875,42.37717063562053,57.62282936437947,FL,6,James Stockton III,Michael Waltz,R,R,-14,,,,0,-14,FL-06@@93,,,#DIV/0!,#DIV/0!,,,
FL-5,0.0433,0.9567,42.37717063562053,57.62282936437947,FL,5,Jay McGovern,John Rutherford,R,R,-11,,,,0,-11,FL-05@@92,,,#DIV/0!,#DIV/0!,,,(6.962950252928165+0j)
FL-4,0.1426,0.8574,42.37717063562053,57.62282936437947,FL,4,LaShonda Holloway,Aaron Bean,R,R,-6,,,,0,-6,FL-04@@91,,,#DIV/0!,#DIV/0!,,,(8.574784629865869+0j)
FL-3,0.0469,0.9531,42.37717063562053,57.62282936437947,FL,3,Tom Wells,Kat Cammack,R,R,-9,,,,0,-9,FL-03@@90,,,#DIV/0!,#DIV/0!,,,(-26+0j)
FL-2,0.0943,0.9057,42.37717063562053,57.62282936437947,FL,2,Yen Bailey,Neal Dunn,R,R,-8,,,,0,-8,FL-02@@89,,,#DIV/0!,#DIV/0!,,,(5+0j)
FL-1,0.0021,0.9979,42.37717063562053,57.62282936437947,FL,1,Gay Valimont,Matt Gaetz,R,R,-19,,,,0,-19,FL-01@@88,,,#DIV/0!,#DIV/0!,,,
DE-1,0.9423,0.0577,42.37717063562053,57.62282936437947,DE,1,Democrat,Republican,D,D,7,,2698247.23,33251.35,2731498.58,7,DE@@87,,,0.99,0.75,0.25,50.92,(-17.41644569085081+0j)
CT-5,0.7535,0.2465,42.37717063562053,57.62282936437947,CT,5,Jahana Hayes,George Logan,D,D,3,,1836647.63,1083607.02,2920254.65,3,CT-05@@86,,,0.63,0.57,0.43,13.24,(-8+0j)
CT-4,0.974,0.026,42.37717063562053,57.62282936437947,CT,4,Jim Himes,Michael Goldstein,D,D,13,,,,0,13,CT-04@@85,,,#DIV/0!,#DIV/0!,,,(4.324134039082884+0j)
CT-3,0.9539,0.0461,42.37717063562053,57.62282936437947,CT,3,Rosa DeLauro,Michael Massey,D,D,7,,680933.03,3044.27,683977.3,7,CT-03@@84,,,1.00,0.76,0.24,51.73,(-8+0j)
CT-2,0.7224,0.2776,42.37717063562053,57.62282936437947,CT,2,Joe Courtney ,Mike France,D,D,3,,409436.59,496420.87,905857.46,3,CT-02@@83,,,0.45,0.47,0.53,-5.34,(9.086721493311009+0j)
CT-1,0.9583,0.0417,42.37717063562053,57.62282936437947,CT,1,John Larson,Jim Griffin,D,D,12,,,,0,12,CT-01@@82,,,#DIV/0!,#DIV/0!,,,(-8+0j)
CO-8,0.7704,0.2296,42.37717063562053,57.62282936437947,CO,8,Yadira Caraveo,Gabe Evans,D,D,0,,2969879.27,574910.78,3544790.05,EVEN,CO-08@@81,,,0.84,0.68,0.32,35.17,(6.333333333333333+0j)
CO-7,0.9183,0.0817,42.37717063562053,57.62282936437947,CO,7,Brittany Pettersen ,Sergei Matveyuk,D,D,4,,902542.75,13854,916396.75,4,CO-07@@80,,,0.98,0.75,0.25,50.61,(6.534779652834642+0j)
CO-6,0.9283,0.0717,42.37717063562053,57.62282936437947,CO,6,Jason Crow,John Fabbricatore,D,D,9,,,,0,9,CO-06@@79,,,#DIV/0!,#DIV/0!,,,
CO-5,0.0902,0.9098,42.37717063562053,57.62282936437947,CO,5,River Gassen,Jeff Crank,N,R,-9,,61369.44,501236.16,562605.6,-9,CO-05@@78,,,0.11,0.29,0.71,-41.35,
CO-4,0.0298,0.9702,42.37717063562053,57.62282936437947,CO,4,Trisha Calvarese,Lauren Boebert,N,R,-13,,491619.95,3404796.18,3896416.13,-13,CO-04@@77,,,0.13,0.30,0.70,-39.55,(-22.1+0j)
CO-3,0.5055,0.4945,42.37717063562053,57.62282936437947,CO,3,Adam Frisch,Jeff Hurd,N,R,-7,,13652094.74,1128365,14780459.74,-7,CO-03@@76,,,0.92,0.72,0.28,44.18,
CO-2,0.9942,0.0058,42.37717063562053,57.62282936437947,CO,2,Joe Neguse,Marshall Dawson,D,D,17,,,,0,17,CO-02@@75,,,#DIV/0!,#DIV/0!,,,
CO-1,0.9999,0.0001,42.37717063562053,57.62282936437947,CO,1,Diana DeGette,Valdamar Archuleta,D,D,29,,,,0,29,CO-01@@74,,,#DIV/0!,#DIV/0!,,,(7.949486250874035+0j)
CA-52,1.0,0.0,42.37717063562053,57.62282936437947,CA,52,Juan Vargas,Justin Lee,D,D,18,,,,0,18,CA-52@@73,,,#DIV/0!,#DIV/0!,,,
CA-51,0.972,0.028,42.37717063562053,57.62282936437947,CA,51,Sara Jacobs,Bill Wells,D,D,12,,,,0,12,CA-51@@72,,,#DIV/0!,#DIV/0!,,,
CA-50,0.9789,0.0211,42.37717063562053,57.62282936437947,CA,50,Scott Peters,Peter Bono,D,D,14,,,,0,14,CA-50@@71,,,#DIV/0!,#DIV/0!,,,(-3+0j)
CA-49,0.8059,0.1941,42.37717063562053,57.62282936437947,CA,49,Mike Levin,Matt Gunderson,D,D,3,,2872616.55,738720.14,3611336.69,3,CA-49@@70,,,0.80,0.65,0.35,30.72,(-17+0j)
CA-48,0.0054,0.9946,42.37717063562053,57.62282936437947,CA,48,Stephen Houlahan,Darell Issa,R,R,-9,,,,0,-9,CA-48@@69,,,#DIV/0!,#DIV/0!,,,(6.559101710305248+0j)
CA-47,0.4718,0.5282,42.37717063562053,57.62282936437947,CA,47,Dave Min,Scott Baugh,N,D,3,,3178141.04,2055143.53,5233284.57,3,CA-47@@68,,,0.61,0.55,0.45,10.97,(21.5+0j)
CA-46,0.9921,0.0079,42.37717063562053,57.62282936437947,CA,46,Lou Correa,David Pan,D,D,15,,,,0,15,CA-46@@67,,,#DIV/0!,#DIV/0!,,,(27+0j)
CA-45,0.5425,0.4575,42.37717063562053,57.62282936437947,CA,45,Derek Tran,Michelle Steel ,R,R,2,,1635359.72,2532876.76,4168236.48,2,CA-45@@66,,,0.39,0.44,0.56,-11.6,(-3+0j)
CA-44,0.9999,0.0001,42.37717063562053,57.62282936437947,CA,44,Nanette Barragán,Roger Groh,D,D,24,,,,0,24,CA-44@@65,,,#DIV/0!,#DIV/0!,,,(27+0j)
CA-43,1.0,0.0,42.37717063562053,57.62282936437947,CA,43,Maxine Waters,Steve Williams,D,D,32,,,,0,32,CA-43@@64,,,#DIV/0!,#DIV/0!,,,(27+0j)
CA-42,0.9994,0.0006,42.37717063562053,57.62282936437947,CA,42,Robert Garcia,John Briscoe,D,D,22,,,,0,22,CA-42@@63,,,#DIV/0!,#DIV/0!,,,(27+0j)
CA-41,0.4817,0.5183,42.37717063562053,57.62282936437947,CA,41,Will Rollins,Ken Calvert,R,R,-3,,"$5,543,102.72","$3,523,468.54","$9,066,571.26",-3,CA-41@@62,,,0.61,0.56,0.44,11.39,(-6.003888227483419+0j)
CA-40,0.1217,0.8783,42.37717063562053,57.62282936437947,CA,40,Joe Kerr,Young Kim,R,R,-2,,"$347,578","$3,974,332","$4,321,910",-2,CA-40@@61,,,0.08,0.28,0.72,-44.36,(-3+0j)
CA-39,0.9713,0.0287,42.37717063562053,57.62282936437947,CA,39,Mark Takano,David Serpa,D,D,12,,,,0,12,CA-39@@60,,,#DIV/0!,#DIV/0!,,,(13.763178611939843+0j)
CA-38,0.9875,0.0125,42.37717063562053,57.62282936437947,CA,38,Linda Sánchez ,Eric Ching,D,D,14,,,,0,14,CA-38@@59,,,#DIV/0!,#DIV/0!,,,(26.999999999999996+0j)
CA-37,1.0,0.0,42.37717063562053,57.62282936437947,CA,37,Sydney Kamlager-Dove,NONE,D,D,37,Juan Rey,,,0,37,CA-37@@58,,D,#DIV/0!,#DIV/0!,,,(27+0j)
CA-36,0.9986,0.0014,42.37717063562053,57.62282936437947,CA,36,Ted Lieu,Melissa Toomim,D,D,21,,,,0,21,CA-36@@57,,,#DIV/0!,#DIV/0!,,,(-0.6595692120598398+0j)
CA-35,0.98,0.02,42.37717063562053,57.62282936437947,CA,35,Norma Torres,Mike Cargile ,D,D,13,,,,0,13,CA-35@@56,,,#DIV/0!,#DIV/0!,,,(19.854452229822357+0j)
CA-34,1.0,0.0,42.37717063562053,57.62282936437947,CA,34,Jimmy Gomez,NONE,D,D,32,David Kim,,,0,32,CA-34@@55,D,D,#DIV/0!,#DIV/0!,,,(27.000000000000004+0j)
CA-33,0.9712,0.0288,42.37717063562053,57.62282936437947,CA,33,Pete Aguilar,Tom Herman,D,D,12,,,,0,12,CA-33@@54,,,#DIV/0!,#DIV/0!,,,(13.81620539306109+0j)
CA-32,0.9967,0.0033,42.37717063562053,57.62282936437947,CA,32,Brad Sherman ,Larry Thompson,D,D,20,,,,0,20,CA-32@@53,,,#DIV/0!,#DIV/0!,,,(-3+0j)
CA-31,0.9918,0.0082,42.37717063562053,57.62282936437947,CA,31,Gil Cisneros,Daniel Martinez,N,D,15,,,,0,15,CA-31@@52,,,#DIV/0!,#DIV/0!,,,(26.999999999999996+0j)
CA-30,0.9996,0.0004,42.37717063562053,57.62282936437947,CA,30,Laura Friedman,Alex Balekian,N,D,23,,,,0,23,CA-30@@51,,,#DIV/0!,#DIV/0!,,,
CA-29,0.9999,0.0001,42.37717063562053,57.62282936437947,CA,29,Luz Rivas,Benito Bernal,N,D,26,,,,0,26,CA-29@@50,,,#DIV/0!,#DIV/0!,,,(27+0j)
CA-28,0.99,0.01,42.37717063562053,57.62282936437947,CA,28,Judy Chu,April Verlato,D,D,16,,,,0,16,CA-28@@49,,,#DIV/0!,#DIV/0!,,,(3.287670664610713+0j)
CA-27,0.5966,0.4034,42.37717063562053,57.62282936437947,CA,27,George Whitesides,Mike Garcia,R,R,4,,3989470.75,2623096.67,6612567.42,4,CA-27@@48,,,0.60,0.55,0.45,10.55,(-2.467188434349082+0j)
CA-26,0.9033,0.0967,42.37717063562053,57.62282936437947,CA,26,Julia Brownley,Michael Koslow,D,D,8,,,,0,8,CA-26@@47,,,#DIV/0!,#DIV/0!,,,(0.8352978515985601+0j)
CA-25,0.861,0.139,42.37717063562053,57.62282936437947,CA,25,Rudy Ruiz,Ian Weeks,D,D,6,,,,0,6,CA-25@@46,,,#DIV/0!,#DIV/0!,,,(6.088806327153515+0j)
CA-24,0.9732,0.0268,42.37717063562053,57.62282936437947,CA,24,Salud Carbajal,Thomas Cole,D,D,13,,,,0,13,CA-24@@45,,,#DIV/0!,#DIV/0!,,,(-0.4912519728665524+0j)
CA-23,0.0797,0.9203,42.37717063562053,57.62282936437947,CA,23,Derek Marshall,Jay Obernolte,R,R,-8,,,,0,-8,CA-23@@44,,,#DIV/0!,#DIV/0!,,,
CA-22,0.6009,0.3991,42.37717063562053,57.62282936437947,CA,22,Rudy Salas,David Valdeo,R,R,5,,2320102.78,935820.43,3255923.21,5,CA-22@@43,,,0.71,0.61,0.39,22.02,(5.999999999999999+0j)
CA-21,0.9309,0.0691,42.37717063562053,57.62282936437947,CA,21,Jim Costa,Michael Maher,D,D,9,,,,0,9,CA-21@@42,,,#DIV/0!,#DIV/0!,,,(11.734074394993305+0j)
CA-20,0.0,1.0,42.37717063562053,57.62282936437947,CA,20,NONE,Vince Fong,R,R,-16,,,,0,-16,CA-20@@41,,R,#DIV/0!,#DIV/0!,,,(-6.617065121889527+0j)
CA-19,0.9965,0.0035,42.37717063562053,57.62282936437947,CA,19,Jimmy Pannetta,Jason Anderson,D,D,18,,,,0,18,CA-19@@40,,,#DIV/0!,#DIV/0!,,,(8.394502287854891+0j)
CA-18,0.999,0.001,42.37717063562053,57.62282936437947,CA,18,Zoe Lofgren,Peter Hernandez,D,D,21,,,,0,21,CA-18@@39,,,#DIV/0!,#DIV/0!,,,(27.000000000000004+0j)
CA-17,0.9989,0.0011,42.37717063562053,57.62282936437947,CA,17,Ro Khanna,Anita Chen ,D,D,23,,,,0,23,CA-17@@38,,,#DIV/0!,#DIV/0!,,,(2.094548037923725+0j)
CA-16,1.0,0.0,42.37717063562053,57.62282936437947,CA,16,Sam Liccardo,NONE,N,D,26,Evan Low,,,0,26,CA-16@@37,D,,#DIV/0!,#DIV/0!,,,(-3.0000000000000004+0j)
CA-15,1.0,0.0,42.37717063562053,57.62282936437947,CA,15,Kevin Mullin,Anna Cheng Kramer,D,D,28,,,,0,28,CA-15@@36,,,#DIV/0!,#DIV/0!,,,(2.048123899408317+0j)
CA-14,0.9996,0.0004,42.37717063562053,57.62282936437947,CA,14,Eric Swawell,Vin Kruttiventi,D,D,22,,,,0,22,CA-14@@35,,,#DIV/0!,#DIV/0!,,,(15.529393626043992+0j)
CA-13,0.4904,0.5096,42.37717063562053,57.62282936437947,CA,13,Adam Gray,John Duarte,R,R,4,,"$183,479","$3,053,494.00","$3,236,973",4,CA-13@@34,,,0.06,0.27,0.73,-46.85,(13.374404838722693+0j)
CA-12,1.0,0.0,42.37717063562053,57.62282936437947,CA,12,Lateefah Simon,NONE,D,D,40,Jennifer Tran,,,$0,40,CA-12@@33,D,D,#DIV/0!,#DIV/0!,,,(44.9+0j)
CA-11,1.0,0.0,42.37717063562053,57.62282936437947,CA,11,Nancy Pelosi,Bruce Lou,D,D,37,,,,0,37,CA-11@@32,,,#DIV/0!,#DIV/0!,,,(32.700738175089946+0j)
CA-10,0.9951,0.0049,42.37717063562053,57.62282936437947,CA,10,Mark DeSaulnier,Katherine Piccinini,D,D,18,,,,0,18,CA-10@@31,,,#DIV/0!,#DIV/0!,,,(7.540332887480572+0j)
CA-9,0.8901,0.1099,42.37717063562053,57.62282936437947,CA,9,Josh Harder,Kevin Lincoln,D,D,5,,2970010.12,820363.71,3790373.83,5,CA-09@@30,,,0.78,0.65,0.35,29.47,(6.697460633212839+0j)
CA-8,0.9999,0.0001,42.37717063562053,57.62282936437947,CA,8,John Garamendi ,Rudy Recile,D,D,26,,,,0,26,CA-08@@29,,,#DIV/0!,#DIV/0!,,,(17.42340126265055+0j)
CA-7,0.9959,0.0041,42.37717063562053,57.62282936437947,CA,7,Doris Matsui,Tom Silva,D,D,17,,,,0,17,CA-07@@28,,,#DIV/0!,#DIV/0!,,,(28.506591048424585+0j)
CA-6,0.9299,0.0701,42.37717063562053,57.62282936437947,CA,6,Ami Bera,Christine Bish,D,D,7,,"$372,509","$106,737","$479,245",7,CA-06@@27,,,0.78,0.64,0.36,28.81,(6.333333333333334+0j)
CA-5,0.0153,0.9847,42.37717063562053,57.62282936437947,CA,5,Michael Barkley,Tom McClintock,R,R,-9,,"39,203","$845,740","884,943",-9,CA-05@@26,,,0.04,0.26,0.74,-48.15,(-17+0j)
CA-4,0.997,0.003,42.37717063562053,57.62282936437947,CA,4,Mike Thompson,John Munn,D,D,17,,"$1,849,273","$95,505","$1,944,778",17,CA-04@@25,,,0.95,0.74,0.26,47.04,(4.219942480292758+0j)
CA-3,0.1393,0.8607,42.37717063562053,57.62282936437947,CA,3,Jessica Morse ,Kevin Kiley,R,R,-4,,"$1,809,024","$3,344,928","$5,153,952",-4,CA-03@@24,,,0.35,0.42,0.58,-15.95,(-8.0498716474595+0j)
CA-2,0.9877,0.0123,42.37717063562053,57.62282936437947,CA,2,Jared Huffman,Chris Coulombe,D,D,23,,,"$781,635",781635,23,CA-02@@23,,,0.00,0.24,0.76,-52.8,(5.603855835655862+0j)
CA-1,0.0032,0.9968,42.37717063562053,57.62282936437947,CA,1,Rose Penelope Yee,Doug LaMalfa,R,R,-12,,,"$664,818",664818,-12,CA-01@@22,,,0.00,0.24,0.76,-52.8,(-39.368025303005886+0j)
AR-4,0.0013,0.9987,42.37717063562053,57.62282936437947,AR,4,Risie Howard,Bruce Westerman,R,R,-20,,,,0,-20,AR-04@@21,,,#DIV/0!,#DIV/0!,,,
AR-3,0.0077,0.9923,42.37717063562053,57.62282936437947,AR,3,Caitlin Draper ,Steve Womack,R,R,-15,,,,0,-15,AR-03@@20,,,#DIV/0!,#DIV/0!,,,
AR-2,0.0712,0.9288,42.37717063562053,57.62282936437947,AR,2,French Hill,Marcus Jones ,R,R,-9,,,,0,-9,AR-02@@19,,,#DIV/0!,#DIV/0!,,,(6+0j)
AR-1,0.0007,0.9993,42.37717063562053,57.62282936437947,AR,1,Rick Crawford,Rodney Govens,R,R,-22,,,,0,-22,AR-01@@18,,,#DIV/0!,#DIV/0!,,,
AZ-9,0.0057,0.9943,42.37717063562053,57.62282936437947,AZ,9,Quacy Smith,Paul Gosar,R,R,-16,,"$22,715","299,626","$322,341",-16,AZ-09@@17,,,0.07,99.93,,,
AZ-8,0.1474,0.8526,42.37717063562053,57.62282936437947,AZ,8,Greg Whitten,Abraham Hamadeh,N,R,-10,,,,0,-10,AZ-08@@16,,,#DIV/0!,#DIV/0!,,,
AZ-7,0.9906,0.0094,42.37717063562053,57.62282936437947,AZ,7,Raúl Grijalva ,Daniel Butierez,D,D,15,,,,0,15,AZ-07@@15,,,#DIV/0!,#DIV/0!,,,(27.000000000000004+0j)
AZ-6,0.461,0.539,42.37717063562053,57.62282936437947,AZ,6,Kirsten Engel,Juan Ciscomani,R,R,-3,,"3,838,627","3,015,301","6,853,928",-3,AZ-06@@14,,,0.56,0.53,0.47,6.01,(-6.626719120440087+0j)
AZ-5,0.0071,0.9929,42.37717063562053,57.62282936437947,AZ,5,Katrina Schaffner,Andy Biggs,R,R,-11,,"$7,649","545,276","$552,925",-11,AZ-05@@13,,,0.01,0.24,0.76,-51.35,
AZ-4,0.8118,0.1882,42.37717063562053,57.62282936437947,AZ,4,Greg Stanton,Kelly Cooper,D,D,2,,"1,329,125","333,009","1,662,134",2,AZ-04@@12,,,0.80,0.66,0.34,31.16,(5.46238676891416+0j)
AZ-3,0.9999,0.0001,42.37717063562053,57.62282936437947,AZ,3,Yassamin Ansari,Jeff Zink,N,D,24,,,,0,24,AZ-03@@11,,,#DIV/0!,#DIV/0!,#DIV/0!,,
AZ-2,0.0683,0.9317,42.37717063562053,57.62282936437947,AZ,2,Jonathan Nez,Eli Crane,R,R,-6,,"$630,466","$2,402,179","$3,032,645",-6,AZ-02@@10,,,0.21,0.35,0.65,-30.97,(-3.556481448032489+0j)
AZ-1,0.428,0.572,42.37717063562053,57.62282936437947,AZ,1,Amish Shah,David Schweikert,R,R,-2,,"$1,055,885","$1,763,514","$2,819,399",-2,AZ-01@@9,,,0.37,0.43,0.57,-13.48,
AK-1,0.6952,0.3048,42.37717063562053,57.62282936437947,AK,1,Mary Peltola,Republican,D,D,-8,,"$3,890,508","$989,520","$4,880,028",-8,AK-AL@@8,,,0.80,0.65,0.35,30.91,
AL-7,0.9718,0.0282,42.37717063562053,57.62282936437947,AL,7,Terri Swell,Robin Litaker,D,D,12,,,,0,14,AL-07@@7,,,#DIV/0!,#DIV/0!,,,
AL-6,0.0007,0.9993,42.37717063562053,57.62282936437947,AL,6,Elizabeth Anderson,Gary Palmer,R,R,-22,,,,0,-18,AL-06@@6,,,#DIV/0!,#DIV/0!,,,(5+0j)
AL-5,0.0,1.0,42.37717063562053,57.62282936437947,AL,5,NONE,Dale Strong,R,R,-17,,,,0,-17,AL-05@@5,,R,#DIV/0!,#DIV/0!,,,(10.087888693474575+0j)
AL-4,0.0,1.0,42.37717063562053,57.62282936437947,AL,4,NONE,Robert Alderholt,R,R,-33,,,,0,-33,AL-04@@4,,R,#DIV/0!,#DIV/0!,,,(10.087888693474575+0j)
AL-3,0.0,1.0,42.37717063562053,57.62282936437947,AL,3,NONE,Mike Rogers,R,R,-23,,,,0,-19,AL-03@@3,,R,#DIV/0!,#DIV/0!,,,(1+0j)
AL-2,0.8805,0.1195,42.37717063562053,57.62282936437947,AL,2,Shomari Figures,Caroleene Dobson,N,R,4,,"$561,962","586,510","$1,148,472",-17,AL-02@@2,,,0.49,0.49,0.51,-1.42,
AL-1,0.0001,0.9999,42.37717063562053,57.62282936437947,AL,1,Tom Holmes,Barry Moore,R,R,-28,,,,0,-16,AL-01@@1,,,#DIV/0!,#DIV/0!,,,(4.6153886042830266+0j)
